"id","first_name","last_name","age","joined_at"
1,"Olivia","A.",20,"2021-01-31 00:00:00"
2,"Olivia","B.",26,"2021-01-15 00:00:00"
3,"Olivia","C.",39,"2021-01-31 00:00:00"
4,"Olivia","D.",31,"2021-01-13 00:00:00"
5,"Olivia","E.",41,"2021-01-18 00:00:00"
6,"Olivia","F.",42,"2021-01-15 00:00:00"
7,"Olivia","G.",44,"2021-01-04 00:00:00"
8,"Olivia","H.",27,"2021-01-28 00:00:00"
9,"Olivia","I.",43,"2021-01-19 00:00:00"
10,"Olivia","J.",17,"2021-01-20 00:00:00"
11,"Olivia","K.",45,"2021-01-28 00:00:00"
12,"Olivia","L.",25,"2021-01-12 00:00:00"
13,"Olivia","M.",38,"2021-01-28 00:00:00"
14,"Olivia","N.",43,"2021-01-30 00:00:00"
15,"Olivia","O.",41,"2021-01-23 00:00:00"
16,"Olivia","P.",26,"2021-01-27 00:00:00"
17,"Olivia","Q.",32,"2021-01-12 00:00:00"
18,"Olivia","R.",31,"2021-01-22 00:00:00"
19,"Olivia","S.",44,"2021-01-23 00:00:00"
20,"Olivia","T.",0,"2021-01-30 00:00:00"
21,"Olivia","U.",36,"2021-01-21 00:00:00"
22,"Olivia","V.",32,"2021-01-05 00:00:00"
23,"Olivia","W.",28,"2021-01-27 00:00:00"
24,"Olivia","X.",16,"2021-01-08 00:00:00"
25,"Olivia","Y.",28,"2021-01-10 00:00:00"
26,"Olivia","Z.",34,"2021-01-11 00:00:00"
27,"Oliver","A.",0,"2021-01-19 00:00:00"
28,"Oliver","B.",32,"2021-01-30 00:00:00"
29,"Oliver","C.",25,"2021-01-19 00:00:00"
30,"Oliver","D.",28,"2021-01-16 00:00:00"
31,"Oliver","E.",18,"2021-01-22 00:00:00"
32,"Oliver","F.",36,"2021-01-02 00:00:00"
33,"Oliver","G.",0,"2021-01-16 00:00:00"
34,"Oliver","H.",34,"2021-01-13 00:00:00"
35,"Oliver","I.",16,"2021-01-23 00:00:00"
36,"Oliver","J.",20,"2021-01-27 00:00:00"
37,"Oliver","K.",42,"2021-01-08 00:00:00"
38,"Oliver","L.",26,"2021-01-13 00:00:00"
39,"Oliver","M.",33,"2021-01-01 00:00:00"
40,"Oliver","N.",45,"2021-01-30 00:00:00"
41,"Oliver","O.",39,"2021-01-08 00:00:00"
42,"Oliver","P.",45,"2021-01-16 00:00:00"
43,"Oliver","Q.",40,"2021-01-05 00:00:00"
44,"Oliver","R.",18,"2021-01-14 00:00:00"
45,"Oliver","S.",0,"2021-01-08 00:00:00"
46,"Oliver","T.",28,"2021-01-14 00:00:00"
47,"Oliver","U.",37,"2021-01-11 00:00:00"
48,"Oliver","V.",0,"2021-01-22 00:00:00"
49,"Oliver","W.",44,"2021-01-30 00:00:00"
50,"Oliver","X.",19,"2021-01-13 00:00:00"
51,"Oliver","Y.",17,"2021-01-28 00:00:00"
52,"Oliver","Z.",16,"2021-01-02 00:00:00"
53,"Amelia","A.",0,"2021-01-30 00:00:00"
54,"Amelia","B.",45,"2021-01-20 00:00:00"
55,"Amelia","C.",44,"2021-01-21 00:00:00"
56,"Amelia","D.",0,"2021-01-08 00:00:00"
57,"Amelia","E.",40,"2021-01-03 00:00:00"
58,"Amelia","F.",37,"2021-01-31 00:00:00"
59,"Amelia","G.",28,"2021-01-02 00:00:00"
60,"Amelia","H.",45,"2021-01-23 00:00:00"
61,"Amelia","I.",25,"2021-01-12 00:00:00"
62,"Amelia","J.",0,"2021-01-23 00:00:00"
63,"Amelia","K.",35,"2021-01-13 00:00:00"
64,"Amelia","L.",0,"2021-01-09 00:00:00"
65,"Amelia","M.",35,"2021-01-05 00:00:00"
66,"Amelia","N.",16,"2021-01-06 00:00:00"
67,"Amelia","O.",25,"2021-01-01 00:00:00"
68,"Amelia","P.",37,"2021-01-30 00:00:00"
69,"Amelia","Q.",15,"2021-01-17 00:00:00"
70,"Amelia","R.",28,"2021-01-06 00:00:00"
71,"Amelia","S.",34,"2021-01-05 00:00:00"
72,"Amelia","T.",32,"2021-01-06 00:00:00"
73,"Amelia","U.",37,"2021-01-18 00:00:00"
74,"Amelia","V.",0,"2021-01-16 00:00:00"
75,"Amelia","W.",39,"2021-01-12 00:00:00"
76,"Amelia","X.",17,"2021-01-07 00:00:00"
77,"Amelia","Y.",16,"2021-01-06 00:00:00"
78,"Amelia","Z.",39,"2021-01-17 00:00:00"
79,"George","A.",38,"2021-01-09 00:00:00"
80,"George","B.",42,"2021-01-13 00:00:00"
81,"George","C.",0,"2021-01-05 00:00:00"
82,"George","D.",31,"2021-01-22 00:00:00"
83,"George","E.",0,"2021-01-13 00:00:00"
84,"George","F.",34,"2021-01-09 00:00:00"
85,"George","G.",16,"2021-01-31 00:00:00"
86,"George","H.",34,"2021-01-22 00:00:00"
87,"George","I.",31,"2021-01-31 00:00:00"
88,"George","J.",20,"2021-01-01 00:00:00"
89,"George","K.",34,"2021-01-05 00:00:00"
90,"George","L.",40,"2021-01-08 00:00:00"
91,"George","M.",42,"2021-01-11 00:00:00"
92,"George","N.",33,"2021-01-08 00:00:00"
93,"George","O.",40,"2021-01-26 00:00:00"
94,"George","P.",37,"2021-01-25 00:00:00"
95,"George","Q.",31,"2021-01-28 00:00:00"
96,"George","R.",35,"2021-01-10 00:00:00"
97,"George","S.",33,"2021-01-16 00:00:00"
98,"George","T.",19,"2021-01-17 00:00:00"
99,"George","U.",17,"2021-01-24 00:00:00"
100,"George","V.",31,"2021-01-02 00:00:00"
101,"George","W.",41,"2021-01-12 00:00:00"
102,"George","X.",20,"2021-01-27 00:00:00"
103,"George","Y.",39,"2021-01-13 00:00:00"
104,"George","Z.",17,"2021-01-13 00:00:00"
105,"Isla","A.",25,"2021-01-26 00:00:00"
106,"Isla","B.",31,"2021-01-10 00:00:00"
107,"Isla","C.",29,"2021-01-25 00:00:00"
108,"Isla","D.",16,"2021-01-17 00:00:00"
109,"Isla","E.",40,"2021-01-16 00:00:00"
110,"Isla","F.",44,"2021-01-29 00:00:00"
111,"Isla","G.",25,"2021-01-29 00:00:00"
112,"Isla","H.",43,"2021-01-10 00:00:00"
113,"Isla","I.",25,"2021-01-01 00:00:00"
114,"Isla","J.",15,"2021-01-16 00:00:00"
115,"Isla","K.",34,"2021-01-08 00:00:00"
116,"Isla","L.",33,"2021-01-09 00:00:00"
117,"Isla","M.",15,"2021-01-16 00:00:00"
118,"Isla","N.",32,"2021-01-31 00:00:00"
119,"Isla","O.",38,"2021-01-29 00:00:00"
120,"Isla","P.",19,"2021-01-21 00:00:00"
121,"Isla","Q.",26,"2021-01-08 00:00:00"
122,"Isla","R.",15,"2021-01-28 00:00:00"
123,"Isla","S.",20,"2021-01-07 00:00:00"
124,"Isla","T.",34,"2021-01-11 00:00:00"
125,"Isla","U.",15,"2021-01-11 00:00:00"
126,"Isla","V.",0,"2021-01-11 00:00:00"
127,"Isla","W.",0,"2021-01-28 00:00:00"
128,"Isla","X.",20,"2021-01-16 00:00:00"
129,"Isla","Y.",15,"2021-01-12 00:00:00"
130,"Isla","Z.",41,"2021-01-31 00:00:00"
131,"Harry","A.",26,"2021-01-13 00:00:00"
132,"Harry","B.",27,"2021-01-05 00:00:00"
133,"Harry","C.",39,"2021-01-16 00:00:00"
134,"Harry","D.",43,"2021-01-03 00:00:00"
135,"Harry","E.",20,"2021-01-01 00:00:00"
136,"Harry","F.",0,"2021-01-06 00:00:00"
137,"Harry","G.",30,"2021-01-24 00:00:00"
138,"Harry","H.",27,"2021-01-07 00:00:00"
139,"Harry","I.",44,"2021-01-13 00:00:00"
140,"Harry","J.",36,"2021-01-29 00:00:00"
141,"Harry","K.",45,"2021-01-28 00:00:00"
142,"Harry","L.",25,"2021-01-10 00:00:00"
143,"Harry","M.",15,"2021-01-04 00:00:00"
144,"Harry","N.",33,"2021-01-27 00:00:00"
145,"Harry","O.",37,"2021-01-21 00:00:00"
146,"Harry","P.",28,"2021-01-23 00:00:00"
147,"Harry","Q.",19,"2021-01-23 00:00:00"
148,"Harry","R.",42,"2021-01-13 00:00:00"
149,"Harry","S.",18,"2021-01-03 00:00:00"
150,"Harry","T.",19,"2021-01-17 00:00:00"
151,"Harry","U.",36,"2021-01-05 00:00:00"
152,"Harry","V.",19,"2021-01-04 00:00:00"
153,"Harry","W.",44,"2021-01-31 00:00:00"
154,"Harry","X.",0,"2021-01-21 00:00:00"
155,"Harry","Y.",42,"2021-01-24 00:00:00"
156,"Harry","Z.",15,"2021-01-04 00:00:00"
157,"Ava","A.",15,"2021-01-21 00:00:00"
158,"Ava","B.",17,"2021-01-21 00:00:00"
159,"Ava","C.",0,"2021-01-31 00:00:00"
160,"Ava","D.",0,"2021-01-11 00:00:00"
161,"Ava","E.",15,"2021-01-14 00:00:00"
162,"Ava","F.",45,"2021-01-13 00:00:00"
163,"Ava","G.",43,"2021-01-12 00:00:00"
164,"Ava","H.",28,"2021-01-07 00:00:00"
165,"Ava","I.",40,"2021-01-06 00:00:00"
166,"Ava","J.",30,"2021-01-27 00:00:00"
167,"Ava","K.",38,"2021-01-17 00:00:00"
168,"Ava","L.",45,"2021-01-25 00:00:00"
169,"Ava","M.",16,"2021-01-13 00:00:00"
170,"Ava","N.",32,"2021-01-10 00:00:00"
171,"Ava","O.",28,"2021-01-17 00:00:00"
172,"Ava","P.",18,"2021-01-08 00:00:00"
173,"Ava","Q.",37,"2021-01-16 00:00:00"
174,"Ava","R.",42,"2021-01-17 00:00:00"
175,"Ava","S.",0,"2021-01-26 00:00:00"
176,"Ava","T.",26,"2021-01-02 00:00:00"
177,"Ava","U.",38,"2021-01-10 00:00:00"
178,"Ava","V.",30,"2021-01-23 00:00:00"
179,"Ava","W.",37,"2021-01-03 00:00:00"
180,"Ava","X.",26,"2021-01-01 00:00:00"
181,"Ava","Y.",30,"2021-01-08 00:00:00"
182,"Ava","Z.",34,"2021-01-15 00:00:00"
183,"Noah","A.",25,"2021-01-12 00:00:00"
184,"Noah","B.",15,"2021-01-20 00:00:00"
185,"Noah","C.",32,"2021-01-24 00:00:00"
186,"Noah","D.",43,"2021-01-06 00:00:00"
187,"Noah","E.",25,"2021-01-30 00:00:00"
188,"Noah","F.",37,"2021-01-30 00:00:00"
189,"Noah","G.",17,"2021-01-27 00:00:00"
190,"Noah","H.",29,"2021-01-08 00:00:00"
191,"Noah","I.",40,"2021-01-06 00:00:00"
192,"Noah","J.",19,"2021-01-13 00:00:00"
193,"Noah","K.",28,"2021-01-26 00:00:00"
194,"Noah","L.",31,"2021-01-02 00:00:00"
195,"Noah","M.",41,"2021-01-21 00:00:00"
196,"Noah","N.",30,"2021-01-25 00:00:00"
197,"Noah","O.",38,"2021-01-26 00:00:00"
198,"Noah","P.",32,"2021-01-09 00:00:00"
199,"Noah","Q.",16,"2021-01-04 00:00:00"
200,"Noah","R.",19,"2021-01-30 00:00:00"
201,"Noah","S.",20,"2021-01-21 00:00:00"
202,"Noah","T.",20,"2021-01-03 00:00:00"
203,"Noah","U.",42,"2021-01-25 00:00:00"
204,"Noah","V.",33,"2021-01-02 00:00:00"
205,"Noah","W.",26,"2021-01-03 00:00:00"
206,"Noah","X.",26,"2021-01-28 00:00:00"
207,"Noah","Y.",41,"2021-01-19 00:00:00"
208,"Noah","Z.",31,"2021-01-15 00:00:00"
209,"Emily","A.",33,"2021-01-01 00:00:00"
210,"Emily","B.",39,"2021-01-27 00:00:00"
211,"Emily","C.",0,"2021-01-25 00:00:00"
212,"Emily","D.",20,"2021-01-05 00:00:00"
213,"Emily","E.",34,"2021-01-13 00:00:00"
214,"Emily","F.",39,"2021-01-10 00:00:00"
215,"Emily","G.",0,"2021-01-02 00:00:00"
216,"Emily","H.",40,"2021-01-21 00:00:00"
217,"Emily","I.",40,"2021-01-25 00:00:00"
218,"Emily","J.",16,"2021-01-06 00:00:00"
219,"Emily","K.",26,"2021-01-01 00:00:00"
220,"Emily","L.",17,"2021-01-01 00:00:00"
221,"Emily","M.",20,"2021-01-08 00:00:00"
222,"Emily","N.",30,"2021-01-11 00:00:00"
223,"Emily","O.",36,"2021-01-29 00:00:00"
224,"Emily","P.",17,"2021-01-17 00:00:00"
225,"Emily","Q.",37,"2021-01-18 00:00:00"
226,"Emily","R.",15,"2021-01-25 00:00:00"
227,"Emily","S.",18,"2021-01-14 00:00:00"
228,"Emily","T.",0,"2021-01-25 00:00:00"
229,"Emily","U.",16,"2021-01-31 00:00:00"
230,"Emily","V.",19,"2021-01-29 00:00:00"
231,"Emily","W.",44,"2021-01-08 00:00:00"
232,"Emily","X.",25,"2021-01-07 00:00:00"
233,"Emily","Y.",19,"2021-01-25 00:00:00"
234,"Emily","Z.",0,"2021-01-06 00:00:00"
235,"Jack","A.",39,"2021-01-16 00:00:00"
236,"Jack","B.",28,"2021-01-19 00:00:00"
237,"Jack","C.",20,"2021-01-18 00:00:00"
238,"Jack","D.",33,"2021-01-12 00:00:00"
239,"Jack","E.",18,"2021-01-14 00:00:00"
240,"Jack","F.",29,"2021-01-04 00:00:00"
241,"Jack","G.",17,"2021-01-19 00:00:00"
242,"Jack","H.",0,"2021-01-03 00:00:00"
243,"Jack","I.",39,"2021-01-27 00:00:00"
244,"Jack","J.",19,"2021-01-09 00:00:00"
245,"Jack","K.",39,"2021-01-07 00:00:00"
246,"Jack","L.",44,"2021-01-23 00:00:00"
247,"Jack","M.",41,"2021-01-06 00:00:00"
248,"Jack","N.",40,"2021-01-12 00:00:00"
249,"Jack","O.",18,"2021-01-19 00:00:00"
250,"Jack","P.",43,"2021-01-25 00:00:00"
251,"Jack","Q.",0,"2021-01-10 00:00:00"
252,"Jack","R.",34,"2021-01-16 00:00:00"
253,"Jack","S.",38,"2021-01-19 00:00:00"
254,"Jack","T.",39,"2021-01-16 00:00:00"
255,"Jack","U.",32,"2021-01-05 00:00:00"
256,"Jack","V.",0,"2021-01-16 00:00:00"
257,"Jack","W.",38,"2021-01-07 00:00:00"
258,"Jack","X.",17,"2021-01-07 00:00:00"
259,"Jack","Y.",30,"2021-01-30 00:00:00"
260,"Jack","Z.",35,"2021-01-01 00:00:00"
261,"Sophia","A.",17,"2021-01-20 00:00:00"
262,"Sophia","B.",0,"2021-01-04 00:00:00"
263,"Sophia","C.",30,"2021-01-12 00:00:00"
264,"Sophia","D.",40,"2021-01-30 00:00:00"
265,"Sophia","E.",28,"2021-01-08 00:00:00"
266,"Sophia","F.",29,"2021-01-24 00:00:00"
267,"Sophia","G.",32,"2021-01-22 00:00:00"
268,"Sophia","H.",15,"2021-01-30 00:00:00"
269,"Sophia","I.",0,"2021-01-28 00:00:00"
270,"Sophia","J.",25,"2021-01-20 00:00:00"
271,"Sophia","K.",17,"2021-01-27 00:00:00"
272,"Sophia","L.",19,"2021-01-26 00:00:00"
273,"Sophia","M.",40,"2021-01-18 00:00:00"
274,"Sophia","N.",37,"2021-01-29 00:00:00"
275,"Sophia","O.",33,"2021-01-21 00:00:00"
276,"Sophia","P.",29,"2021-01-30 00:00:00"
277,"Sophia","Q.",17,"2021-01-24 00:00:00"
278,"Sophia","R.",25,"2021-01-14 00:00:00"
279,"Sophia","S.",38,"2021-01-21 00:00:00"
280,"Sophia","T.",0,"2021-01-15 00:00:00"
281,"Sophia","U.",16,"2021-01-09 00:00:00"
282,"Sophia","V.",36,"2021-01-08 00:00:00"
283,"Sophia","W.",41,"2021-01-17 00:00:00"
284,"Sophia","X.",15,"2021-01-16 00:00:00"
285,"Sophia","Y.",42,"2021-01-17 00:00:00"
286,"Sophia","Z.",32,"2021-01-09 00:00:00"
287,"Charlie","A.",31,"2021-01-31 00:00:00"
288,"Charlie","B.",17,"2021-01-09 00:00:00"
289,"Charlie","C.",33,"2021-01-08 00:00:00"
290,"Charlie","D.",0,"2021-01-24 00:00:00"
291,"Charlie","E.",18,"2021-01-06 00:00:00"
292,"Charlie","F.",28,"2021-01-24 00:00:00"
293,"Charlie","G.",30,"2021-01-15 00:00:00"
294,"Charlie","H.",15,"2021-01-29 00:00:00"
295,"Charlie","I.",29,"2021-01-06 00:00:00"
296,"Charlie","J.",32,"2021-01-10 00:00:00"
297,"Charlie","K.",0,"2021-01-08 00:00:00"
298,"Charlie","L.",30,"2021-01-31 00:00:00"
299,"Charlie","M.",43,"2021-01-13 00:00:00"
300,"Charlie","N.",27,"2021-01-27 00:00:00"
301,"Charlie","O.",41,"2021-01-01 00:00:00"
302,"Charlie","P.",28,"2021-01-24 00:00:00"
303,"Charlie","Q.",19,"2021-01-27 00:00:00"
304,"Charlie","R.",41,"2021-01-29 00:00:00"
305,"Charlie","S.",41,"2021-01-22 00:00:00"
306,"Charlie","T.",0,"2021-01-21 00:00:00"
307,"Charlie","U.",43,"2021-01-19 00:00:00"
308,"Charlie","V.",17,"2021-01-14 00:00:00"
309,"Charlie","W.",19,"2021-01-27 00:00:00"
310,"Charlie","X.",19,"2021-01-17 00:00:00"
311,"Charlie","Y.",27,"2021-01-07 00:00:00"
312,"Charlie","Z.",0,"2021-01-02 00:00:00"
313,"Grace","A.",36,"2021-01-11 00:00:00"
314,"Grace","B.",36,"2021-01-17 00:00:00"
315,"Grace","C.",36,"2021-01-02 00:00:00"
316,"Grace","D.",43,"2021-01-02 00:00:00"
317,"Grace","E.",41,"2021-01-27 00:00:00"
318,"Grace","F.",38,"2021-01-15 00:00:00"
319,"Grace","G.",44,"2021-01-23 00:00:00"
320,"Grace","H.",16,"2021-01-09 00:00:00"
321,"Grace","I.",41,"2021-01-27 00:00:00"
322,"Grace","J.",18,"2021-01-09 00:00:00"
323,"Grace","K.",40,"2021-01-10 00:00:00"
324,"Grace","L.",29,"2021-01-09 00:00:00"
325,"Grace","M.",40,"2021-01-13 00:00:00"
326,"Grace","N.",16,"2021-01-22 00:00:00"
327,"Grace","O.",27,"2021-01-11 00:00:00"
328,"Grace","P.",43,"2021-01-17 00:00:00"
329,"Grace","Q.",20,"2021-01-07 00:00:00"
330,"Grace","R.",20,"2021-01-05 00:00:00"
331,"Grace","S.",41,"2021-01-06 00:00:00"
332,"Grace","T.",19,"2021-01-11 00:00:00"
333,"Grace","U.",35,"2021-01-19 00:00:00"
334,"Grace","V.",27,"2021-01-03 00:00:00"
335,"Grace","W.",34,"2021-01-11 00:00:00"
336,"Grace","X.",16,"2021-01-10 00:00:00"
337,"Grace","Y.",0,"2021-01-24 00:00:00"
338,"Grace","Z.",17,"2021-01-07 00:00:00"
339,"Leo","A.",20,"2021-01-04 00:00:00"
340,"Leo","B.",19,"2021-01-16 00:00:00"
341,"Leo","C.",39,"2021-01-14 00:00:00"
342,"Leo","D.",25,"2021-01-18 00:00:00"
343,"Leo","E.",0,"2021-01-03 00:00:00"
344,"Leo","F.",17,"2021-01-16 00:00:00"
345,"Leo","G.",35,"2021-01-29 00:00:00"
346,"Leo","H.",28,"2021-01-15 00:00:00"
347,"Leo","I.",29,"2021-01-21 00:00:00"
348,"Leo","J.",42,"2021-01-09 00:00:00"
349,"Leo","K.",19,"2021-01-13 00:00:00"
350,"Leo","L.",37,"2021-01-29 00:00:00"
351,"Leo","M.",15,"2021-01-15 00:00:00"
352,"Leo","N.",20,"2021-01-21 00:00:00"
353,"Leo","O.",17,"2021-01-11 00:00:00"
354,"Leo","P.",45,"2021-01-23 00:00:00"
355,"Leo","Q.",34,"2021-01-24 00:00:00"
356,"Leo","R.",43,"2021-01-02 00:00:00"
357,"Leo","S.",38,"2021-01-13 00:00:00"
358,"Leo","T.",16,"2021-01-20 00:00:00"
359,"Leo","U.",35,"2021-01-19 00:00:00"
360,"Leo","V.",38,"2021-01-31 00:00:00"
361,"Leo","W.",16,"2021-01-26 00:00:00"
362,"Leo","X.",44,"2021-01-21 00:00:00"
363,"Leo","Y.",40,"2021-01-05 00:00:00"
364,"Leo","Z.",42,"2021-01-03 00:00:00"
365,"Mia","A.",34,"2021-01-16 00:00:00"
366,"Mia","B.",19,"2021-01-05 00:00:00"
367,"Mia","C.",0,"2021-01-24 00:00:00"
368,"Mia","D.",26,"2021-01-13 00:00:00"
369,"Mia","E.",0,"2021-01-17 00:00:00"
370,"Mia","F.",45,"2021-01-16 00:00:00"
371,"Mia","G.",20,"2021-01-31 00:00:00"
372,"Mia","H.",28,"2021-01-22 00:00:00"
373,"Mia","I.",43,"2021-01-08 00:00:00"
374,"Mia","J.",37,"2021-01-22 00:00:00"
375,"Mia","K.",19,"2021-01-21 00:00:00"
376,"Mia","L.",38,"2021-01-23 00:00:00"
377,"Mia","M.",28,"2021-01-06 00:00:00"
378,"Mia","N.",33,"2021-01-12 00:00:00"
379,"Mia","O.",32,"2021-01-13 00:00:00"
380,"Mia","P.",34,"2021-01-06 00:00:00"
381,"Mia","Q.",33,"2021-01-22 00:00:00"
382,"Mia","R.",18,"2021-01-23 00:00:00"
383,"Mia","S.",44,"2021-01-13 00:00:00"
384,"Mia","T.",31,"2021-01-14 00:00:00"
385,"Mia","U.",27,"2021-01-27 00:00:00"
386,"Mia","V.",19,"2021-01-17 00:00:00"
387,"Mia","W.",43,"2021-01-16 00:00:00"
388,"Mia","X.",29,"2021-01-15 00:00:00"
389,"Mia","Y.",33,"2021-01-23 00:00:00"
390,"Mia","Z.",42,"2021-01-25 00:00:00"
391,"Jacob","A.",20,"2021-01-20 00:00:00"
392,"Jacob","B.",20,"2021-01-31 00:00:00"
393,"Jacob","C.",29,"2021-01-07 00:00:00"
394,"Jacob","D.",0,"2021-01-10 00:00:00"
395,"Jacob","E.",27,"2021-01-22 00:00:00"
396,"Jacob","F.",26,"2021-01-27 00:00:00"
397,"Jacob","G.",39,"2021-01-12 00:00:00"
398,"Jacob","H.",0,"2021-01-09 00:00:00"
399,"Jacob","I.",0,"2021-01-29 00:00:00"
400,"Jacob","J.",0,"2021-01-02 00:00:00"
401,"Jacob","K.",19,"2021-01-09 00:00:00"
402,"Jacob","L.",25,"2021-01-16 00:00:00"
403,"Jacob","M.",0,"2021-01-17 00:00:00"
404,"Jacob","N.",43,"2021-01-18 00:00:00"
405,"Jacob","O.",33,"2021-01-25 00:00:00"
406,"Jacob","P.",19,"2021-01-17 00:00:00"
407,"Jacob","Q.",34,"2021-01-05 00:00:00"
408,"Jacob","R.",18,"2021-01-20 00:00:00"
409,"Jacob","S.",45,"2021-01-19 00:00:00"
410,"Jacob","T.",19,"2021-01-22 00:00:00"
411,"Jacob","U.",42,"2021-01-15 00:00:00"
412,"Jacob","V.",33,"2021-01-01 00:00:00"
413,"Jacob","W.",43,"2021-01-26 00:00:00"
414,"Jacob","X.",36,"2021-01-05 00:00:00"
415,"Jacob","Y.",30,"2021-01-18 00:00:00"
416,"Jacob","Z.",43,"2021-01-19 00:00:00"
417,"Poppy","A.",39,"2021-01-16 00:00:00"
418,"Poppy","B.",43,"2021-01-08 00:00:00"
419,"Poppy","C.",30,"2021-01-23 00:00:00"
420,"Poppy","D.",26,"2021-01-27 00:00:00"
421,"Poppy","E.",0,"2021-01-28 00:00:00"
422,"Poppy","F.",30,"2021-01-20 00:00:00"
423,"Poppy","G.",40,"2021-01-21 00:00:00"
424,"Poppy","H.",39,"2021-01-15 00:00:00"
425,"Poppy","I.",38,"2021-01-17 00:00:00"
426,"Poppy","J.",33,"2021-01-20 00:00:00"
427,"Poppy","K.",20,"2021-01-16 00:00:00"
428,"Poppy","L.",29,"2021-01-13 00:00:00"
429,"Poppy","M.",31,"2021-01-22 00:00:00"
430,"Poppy","N.",35,"2021-01-15 00:00:00"
431,"Poppy","O.",41,"2021-01-11 00:00:00"
432,"Poppy","P.",30,"2021-01-27 00:00:00"
433,"Poppy","Q.",37,"2021-01-09 00:00:00"
434,"Poppy","R.",38,"2021-01-19 00:00:00"
435,"Poppy","S.",19,"2021-01-29 00:00:00"
436,"Poppy","T.",26,"2021-01-18 00:00:00"
437,"Poppy","U.",0,"2021-01-11 00:00:00"
438,"Poppy","V.",17,"2021-01-06 00:00:00"
439,"Poppy","W.",20,"2021-01-03 00:00:00"
440,"Poppy","X.",17,"2021-01-01 00:00:00"
441,"Poppy","Y.",0,"2021-01-16 00:00:00"
442,"Poppy","Z.",29,"2021-01-03 00:00:00"
443,"Freddie","A.",0,"2021-01-11 00:00:00"
444,"Freddie","B.",0,"2021-01-23 00:00:00"
445,"Freddie","C.",17,"2021-01-09 00:00:00"
446,"Freddie","D.",32,"2021-01-04 00:00:00"
447,"Freddie","E.",20,"2021-01-17 00:00:00"
448,"Freddie","F.",27,"2021-01-12 00:00:00"
449,"Freddie","G.",0,"2021-01-10 00:00:00"
450,"Freddie","H.",16,"2021-01-26 00:00:00"
451,"Freddie","I.",15,"2021-01-24 00:00:00"
452,"Freddie","J.",20,"2021-01-12 00:00:00"
453,"Freddie","K.",17,"2021-01-13 00:00:00"
454,"Freddie","L.",19,"2021-01-24 00:00:00"
455,"Freddie","M.",15,"2021-01-13 00:00:00"
456,"Freddie","N.",44,"2021-01-11 00:00:00"
457,"Freddie","O.",33,"2021-01-19 00:00:00"
458,"Freddie","P.",0,"2021-01-19 00:00:00"
459,"Freddie","Q.",18,"2021-01-09 00:00:00"
460,"Freddie","R.",44,"2021-01-31 00:00:00"
461,"Freddie","S.",0,"2021-01-26 00:00:00"
462,"Freddie","T.",17,"2021-01-02 00:00:00"
463,"Freddie","U.",40,"2021-01-07 00:00:00"
464,"Freddie","V.",33,"2021-01-10 00:00:00"
465,"Freddie","W.",27,"2021-01-31 00:00:00"
466,"Freddie","X.",44,"2021-01-22 00:00:00"
467,"Freddie","Y.",16,"2021-01-06 00:00:00"
468,"Freddie","Z.",44,"2021-01-06 00:00:00"
469,"Ella ","A.",40,"2021-01-04 00:00:00"
470,"Ella ","B.",15,"2021-01-19 00:00:00"
471,"Ella ","C.",31,"2021-01-27 00:00:00"
472,"Ella ","D.",0,"2021-01-24 00:00:00"
473,"Ella ","E.",0,"2021-01-21 00:00:00"
474,"Ella ","F.",27,"2021-01-26 00:00:00"
475,"Ella ","G.",29,"2021-01-04 00:00:00"
476,"Ella ","H.",29,"2021-01-28 00:00:00"
477,"Ella ","I.",35,"2021-01-09 00:00:00"
478,"Ella ","J.",0,"2021-01-12 00:00:00"
479,"Ella ","K.",29,"2021-01-20 00:00:00"
480,"Ella ","L.",29,"2021-01-24 00:00:00"
481,"Ella ","M.",20,"2021-01-17 00:00:00"
482,"Ella ","N.",31,"2021-01-27 00:00:00"
483,"Ella ","O.",34,"2021-01-28 00:00:00"
484,"Ella ","P.",0,"2021-01-24 00:00:00"
485,"Ella ","Q.",36,"2021-01-28 00:00:00"
486,"Ella ","R.",27,"2021-01-17 00:00:00"
487,"Ella ","S.",32,"2021-01-24 00:00:00"
488,"Ella ","T.",43,"2021-01-01 00:00:00"
489,"Ella ","U.",38,"2021-01-08 00:00:00"
490,"Ella ","V.",17,"2021-01-01 00:00:00"
491,"Ella ","W.",19,"2021-01-03 00:00:00"
492,"Ella ","X.",44,"2021-01-12 00:00:00"
493,"Ella ","Y.",18,"2021-01-08 00:00:00"
494,"Ella ","Z.",30,"2021-01-22 00:00:00"
495,"Alfie","A.",38,"2021-01-13 00:00:00"
496,"Alfie","B.",36,"2021-01-02 00:00:00"
497,"Alfie","C.",28,"2021-01-21 00:00:00"
498,"Alfie","D.",42,"2021-01-22 00:00:00"
499,"Alfie","E.",36,"2021-01-28 00:00:00"
500,"Alfie","F.",18,"2021-01-21 00:00:00"
501,"Alfie","G.",27,"2021-01-25 00:00:00"
502,"Alfie","H.",32,"2021-01-20 00:00:00"
503,"Alfie","I.",19,"2021-01-08 00:00:00"
504,"Alfie","J.",34,"2021-01-07 00:00:00"
505,"Alfie","K.",16,"2021-01-15 00:00:00"
506,"Alfie","L.",29,"2021-01-10 00:00:00"
507,"Alfie","M.",43,"2021-01-17 00:00:00"
508,"Alfie","N.",0,"2021-01-11 00:00:00"
509,"Alfie","O.",15,"2021-01-07 00:00:00"
510,"Alfie","P.",0,"2021-01-10 00:00:00"
511,"Alfie","Q.",0,"2021-01-22 00:00:00"
512,"Alfie","R.",30,"2021-01-08 00:00:00"
513,"Alfie","S.",15,"2021-01-23 00:00:00"
514,"Alfie","T.",42,"2021-01-22 00:00:00"
515,"Alfie","U.",15,"2021-01-10 00:00:00"
516,"Alfie","V.",32,"2021-01-12 00:00:00"
517,"Alfie","W.",37,"2021-01-25 00:00:00"
518,"Alfie","X.",20,"2021-01-22 00:00:00"
519,"Alfie","Y.",35,"2021-01-24 00:00:00"
520,"Alfie","Z.",43,"2021-01-05 00:00:00"
"","","","","2021-01-27 00:00:00"
