"item_id","order_id","name","amount","added_at"
1,1,"black car",1,"2021-01-25 00:00:00"
2,1,"green airplane",1,"2021-01-25 00:00:00"
3,2,"white airplane",1,"2021-01-17 00:00:00"
4,2,"blue train",3,"2021-01-17 00:00:00"
5,2,"yellow rubber ducky",2,"2021-01-17 00:00:00"
6,2,"black crayons",1,"2021-01-17 00:00:00"
7,3,"pink airplane",2,"2021-01-21 00:00:00"
8,3,"black ball",1,"2021-01-21 00:00:00"
9,3,"green ball",3,"2021-01-21 00:00:00"
10,4,"orange kite",1,"2021-01-18 00:00:00"
11,4,"pink rubber ducky",2,"2021-01-18 00:00:00"
12,4,"yellow rocking horse",1,"2021-01-18 00:00:00"
13,5,"black bicycle",2,"2021-01-10 00:00:00"
14,5,"green rubber ducky",1,"2021-01-10 00:00:00"
15,6,"yellow airplane",2,"2021-01-20 00:00:00"
16,6,"black bicycle",2,"2021-01-20 00:00:00"
17,6,"green airplane",2,"2021-01-20 00:00:00"
18,7,"black teddy bear",2,"2021-01-26 00:00:00"
19,8,"black train",3,"2021-01-30 00:00:00"
20,8,"black teddy bear",3,"2021-01-30 00:00:00"
21,8,"yellow crayons",1,"2021-01-30 00:00:00"
22,9,"white doll",2,"2021-01-19 00:00:00"
23,10,"yellow train",1,"2021-01-22 00:00:00"
24,11,"",3,"2021-01-16 00:00:00"
25,12,"green rocking horse",1,"2021-01-28 00:00:00"
26,13,"pink rocking horse",3,"2021-01-05 00:00:00"
27,13,"pink airplane",3,"2021-01-05 00:00:00"
28,13,"red doll",2,"2021-01-05 00:00:00"
29,14,"green airplane",1,"2021-01-10 00:00:00"
30,15,"black rocking horse",1,"2021-01-10 00:00:00"
31,15,"green ball",3,"2021-01-10 00:00:00"
32,15,"yellow ball",1,"2021-01-10 00:00:00"
33,15,"white rocking horse",3,"2021-01-10 00:00:00"
34,16,"red car",3,"2021-01-03 00:00:00"
35,16,"white teddy bear",2,"2021-01-03 00:00:00"
36,16,"white airplane",1,"2021-01-03 00:00:00"
37,17,"black ball",1,"2021-01-21 00:00:00"
38,17,"white teddy bear",3,"2021-01-21 00:00:00"
39,17,"blue rocking horse",3,"2021-01-21 00:00:00"
40,17,"yellow rubber ducky",2,"2021-01-21 00:00:00"
41,18,"black doll",2,"2021-01-13 00:00:00"
42,18,"white crayons",3,"2021-01-13 00:00:00"
43,18,"white doll",3,"2021-01-13 00:00:00"
44,18,"pink bicycle",2,"2021-01-13 00:00:00"
45,19,"green kite",3,"2021-01-31 00:00:00"
46,19,"black teddy bear",3,"2021-01-31 00:00:00"
47,20,"black kite",2,"2021-01-14 00:00:00"
48,20,"orange teddy bear",3,"2021-01-14 00:00:00"
49,20,"red bicycle",2,"2021-01-14 00:00:00"
50,20,"pink bicycle",3,"2021-01-14 00:00:00"
51,21,"yellow rocking horse",3,"2021-01-08 00:00:00"
52,21,"orange airplane",3,"2021-01-08 00:00:00"
53,21,"red train",3,"2021-01-08 00:00:00"
54,22,"red rocking horse",1,"2021-01-16 00:00:00"
55,23,"pink bicycle",3,"2021-01-25 00:00:00"
56,23,"white kite",3,"2021-01-25 00:00:00"
57,24,"pink teddy bear",2,"2021-01-24 00:00:00"
58,24,"white rocking horse",2,"2021-01-24 00:00:00"
59,24,"yellow rocking horse",2,"2021-01-24 00:00:00"
60,25,"orange doll",1,"2021-01-15 00:00:00"
61,25,"yellow crayons",1,"2021-01-15 00:00:00"
62,25,"pink train",1,"2021-01-15 00:00:00"
63,26,"white rubber ducky",3,"2021-01-10 00:00:00"
64,26,"red airplane",1,"2021-01-10 00:00:00"
65,26,"black airplane",1,"2021-01-10 00:00:00"
66,26,"yellow train",2,"2021-01-10 00:00:00"
67,27,"red doll",3,"2021-01-25 00:00:00"
68,27,"orange ball",3,"2021-01-25 00:00:00"
69,28,"orange car",1,"2021-01-15 00:00:00"
70,28,"pink rocking horse",3,"2021-01-15 00:00:00"
71,29,"blue teddy bear",2,"2021-01-15 00:00:00"
72,29,"white train",1,"2021-01-15 00:00:00"
73,30,"blue airplane",2,"2021-01-28 00:00:00"
74,30,"white ball",3,"2021-01-28 00:00:00"
75,30,"red car",2,"2021-01-28 00:00:00"
76,31,"white train",1,"2021-01-30 00:00:00"
77,31,"white car",1,"2021-01-30 00:00:00"
78,31,"yellow car",2,"2021-01-30 00:00:00"
79,31,"blue teddy bear",1,"2021-01-30 00:00:00"
80,32,"white teddy bear",3,"2021-01-19 00:00:00"
81,32,"green kite",2,"2021-01-19 00:00:00"
82,33,"white ball",2,"2021-01-24 00:00:00"
83,34,"white crayons",1,"2021-01-05 00:00:00"
84,34,"yellow crayons",1,"2021-01-05 00:00:00"
85,35,"white doll",2,"2021-01-21 00:00:00"
86,35,"black crayons",3,"2021-01-21 00:00:00"
87,35,"yellow train",3,"2021-01-21 00:00:00"
88,35,"pink rocking horse",2,"2021-01-21 00:00:00"
89,36,"white bicycle",3,"2021-01-24 00:00:00"
90,36,"pink kite",1,"2021-01-24 00:00:00"
91,36,"yellow doll",2,"2021-01-24 00:00:00"
92,37,"green airplane",3,"2021-01-12 00:00:00"
93,37,"orange airplane",1,"2021-01-12 00:00:00"
94,37,"blue train",1,"2021-01-12 00:00:00"
95,37,"green crayons",3,"2021-01-12 00:00:00"
96,38,"red teddy bear",3,"2021-01-22 00:00:00"
97,38,"blue crayons",3,"2021-01-22 00:00:00"
98,38,"yellow bicycle",1,"2021-01-22 00:00:00"
99,38,"black doll",1,"2021-01-22 00:00:00"
100,39,"black teddy bear",3,"2021-01-26 00:00:00"
101,40,"red rubber ducky",3,"2021-01-26 00:00:00"
102,41,"orange rubber ducky",2,"2021-01-29 00:00:00"
103,42,"blue teddy bear",3,"2021-01-18 00:00:00"
104,42,"orange rubber ducky",2,"2021-01-18 00:00:00"
105,42,"pink airplane",1,"2021-01-18 00:00:00"
106,42,"yellow crayons",2,"2021-01-18 00:00:00"
107,43,"orange rocking horse",3,"2021-01-17 00:00:00"
108,43,"yellow ball",3,"2021-01-17 00:00:00"
109,43,"blue rocking horse",1,"2021-01-17 00:00:00"
110,44,"yellow airplane",1,"2021-01-01 00:00:00"
111,44,"black rubber ducky",2,"2021-01-01 00:00:00"
112,44,"pink bicycle",3,"2021-01-01 00:00:00"
113,45,"pink kite",3,"2021-01-04 00:00:00"
114,45,"pink teddy bear",1,"2021-01-04 00:00:00"
115,46,"white car",3,"2021-01-27 00:00:00"
116,46,"white crayons",-1,"2021-01-27 00:00:00"
117,46,"blue rubber ducky",1,"2021-01-27 00:00:00"
118,46,"orange train",2,"2021-01-27 00:00:00"
119,47,"blue doll",2,"2021-01-29 00:00:00"
120,47,"blue crayons",3,"2021-01-29 00:00:00"
121,47,"yellow airplane",1,"2021-01-29 00:00:00"
122,47,"black rubber ducky",2,"2021-01-29 00:00:00"
123,48,"black car",3,"2021-01-20 00:00:00"
124,48,"black airplane",2,"2021-01-20 00:00:00"
125,48,"yellow teddy bear",1,"2021-01-20 00:00:00"
126,49,"blue ball",3,"2021-01-04 00:00:00"
127,50,"white airplane",1,"2021-01-31 00:00:00"
128,50,"red bicycle",2,"2021-01-31 00:00:00"
129,50,"orange airplane",3,"2021-01-31 00:00:00"
130,51,"pink train",3,"2021-01-06 00:00:00"
131,51,"pink kite",1,"2021-01-06 00:00:00"
132,52,"green kite",-1,"2021-01-20 00:00:00"
133,52,"green kite",2,"2021-01-20 00:00:00"
134,53,"red bicycle",1,"2021-01-27 00:00:00"
135,54,"blue crayons",1,"2021-01-16 00:00:00"
136,54,"black ball",1,"2021-01-16 00:00:00"
137,54,"orange bicycle",3,"2021-01-16 00:00:00"
138,55,"blue kite",2,"2021-01-18 00:00:00"
139,55,"orange kite",1,"2021-01-18 00:00:00"
140,55,"green car",1,"2021-01-18 00:00:00"
141,56,"pink airplane",3,"2021-01-08 00:00:00"
142,56,"green bicycle",1,"2021-01-08 00:00:00"
143,56,"orange car",-1,"2021-01-08 00:00:00"
144,56,"green train",2,"2021-01-08 00:00:00"
145,57,"black rocking horse",1,"2021-01-11 00:00:00"
146,57,"red airplane",2,"2021-01-11 00:00:00"
147,57,"orange doll",1,"2021-01-11 00:00:00"
148,58,"yellow ball",2,"2021-01-25 00:00:00"
149,58,"white train",2,"2021-01-25 00:00:00"
150,58,"pink rubber ducky",3,"2021-01-25 00:00:00"
151,59,"red airplane",1,"2021-01-30 00:00:00"
152,59,"red rubber ducky",1,"2021-01-30 00:00:00"
153,59,"red train",2,"2021-01-30 00:00:00"
154,59,"green ball",1,"2021-01-30 00:00:00"
155,60,"yellow crayons",3,"2021-01-25 00:00:00"
156,61,"white crayons",2,"2021-01-01 00:00:00"
157,62,"yellow teddy bear",1,"2021-01-22 00:00:00"
158,62,"red ball",1,"2021-01-22 00:00:00"
159,62,"yellow crayons",3,"2021-01-22 00:00:00"
160,62,"black crayons",3,"2021-01-22 00:00:00"
161,63,"white airplane",2,"2021-01-02 00:00:00"
162,64,"yellow doll",3,"2021-01-15 00:00:00"
163,64,"orange bicycle",3,"2021-01-15 00:00:00"
164,64,"yellow airplane",3,"2021-01-15 00:00:00"
165,65,"red bicycle",3,"2021-01-30 00:00:00"
166,65,"black teddy bear",1,"2021-01-30 00:00:00"
167,65,"blue rocking horse",1,"2021-01-30 00:00:00"
168,66,"yellow crayons",3,"2021-01-16 00:00:00"
169,66,"black bicycle",3,"2021-01-16 00:00:00"
170,66,"green airplane",3,"2021-01-16 00:00:00"
171,67,"green crayons",3,"2021-01-31 00:00:00"
172,67,"red teddy bear",2,"2021-01-31 00:00:00"
173,67,"red bicycle",1,"2021-01-31 00:00:00"
174,68,"blue train",1,"2021-01-31 00:00:00"
175,68,"yellow airplane",2,"2021-01-31 00:00:00"
176,68,"orange ball",3,"2021-01-31 00:00:00"
177,69,"",1,"2021-01-11 00:00:00"
178,69,"blue ball",3,"2021-01-11 00:00:00"
179,70,"green ball",3,"2021-01-21 00:00:00"
180,70,"blue doll",3,"2021-01-21 00:00:00"
181,70,"blue rubber ducky",1,"2021-01-21 00:00:00"
182,71,"blue airplane",2,"2021-01-19 00:00:00"
183,71,"yellow kite",3,"2021-01-19 00:00:00"
184,71,"white teddy bear",1,"2021-01-19 00:00:00"
185,71,"green doll",2,"2021-01-19 00:00:00"
186,72,"yellow kite",1,"2021-01-10 00:00:00"
187,72,"green car",1,"2021-01-10 00:00:00"
188,72,"white doll",3,"2021-01-10 00:00:00"
189,72,"orange airplane",1,"2021-01-10 00:00:00"
190,73,"green ball",2,"2021-01-28 00:00:00"
191,73,"red bicycle",2,"2021-01-28 00:00:00"
192,73,"blue airplane",3,"2021-01-28 00:00:00"
193,73,"white teddy bear",3,"2021-01-28 00:00:00"
194,74,"white ball",2,"2021-01-15 00:00:00"
195,75,"pink airplane",3,"2021-01-19 00:00:00"
196,75,"orange teddy bear",1,"2021-01-19 00:00:00"
197,75,"red car",2,"2021-01-19 00:00:00"
198,76,"yellow crayons",1,"2021-01-19 00:00:00"
199,77,"green rubber ducky",3,"2021-01-26 00:00:00"
200,78,"yellow teddy bear",2,"2021-01-05 00:00:00"
201,79,"white train",2,"2021-01-10 00:00:00"
202,80,"yellow kite",3,"2021-01-31 00:00:00"
203,81,"blue ball",2,"2021-01-19 00:00:00"
204,81,"white crayons",2,"2021-01-19 00:00:00"
205,82,"blue rubber ducky",1,"2021-01-19 00:00:00"
206,82,"pink rubber ducky",2,"2021-01-19 00:00:00"
207,82,"yellow rubber ducky",2,"2021-01-19 00:00:00"
208,83,"pink kite",2,"2021-01-21 00:00:00"
209,83,"pink doll",3,"2021-01-21 00:00:00"
210,84,"red car",1,"2021-01-09 00:00:00"
211,84,"orange crayons",1,"2021-01-09 00:00:00"
212,85,"white doll",2,"2021-01-17 00:00:00"
213,85,"pink rubber ducky",3,"2021-01-17 00:00:00"
214,86,"yellow airplane",1,"2021-01-01 00:00:00"
215,86,"pink rocking horse",1,"2021-01-01 00:00:00"
216,86,"white rocking horse",2,"2021-01-01 00:00:00"
217,87,"orange ball",2,"2021-01-11 00:00:00"
218,87,"red train",3,"2021-01-11 00:00:00"
219,87,"black kite",1,"2021-01-11 00:00:00"
220,88,"yellow teddy bear",1,"2021-01-30 00:00:00"
221,88,"blue rocking horse",1,"2021-01-30 00:00:00"
222,88,"black ball",2,"2021-01-30 00:00:00"
223,89,"yellow kite",1,"2021-01-27 00:00:00"
224,89,"green teddy bear",1,"2021-01-27 00:00:00"
225,89,"white teddy bear",1,"2021-01-27 00:00:00"
226,89,"pink kite",3,"2021-01-27 00:00:00"
227,90,"orange train",2,"2021-01-19 00:00:00"
228,91,"red teddy bear",2,"2021-01-04 00:00:00"
229,92,"yellow rubber ducky",-1,"2021-01-04 00:00:00"
230,92,"white bicycle",2,"2021-01-04 00:00:00"
231,92,"pink train",1,"2021-01-04 00:00:00"
232,93,"red rubber ducky",2,"2021-01-13 00:00:00"
233,93,"white rocking horse",2,"2021-01-13 00:00:00"
234,93,"green train",1,"2021-01-13 00:00:00"
235,93,"orange rocking horse",2,"2021-01-13 00:00:00"
236,94,"white rubber ducky",3,"2021-01-11 00:00:00"
237,94,"yellow kite",1,"2021-01-11 00:00:00"
238,94,"orange teddy bear",3,"2021-01-11 00:00:00"
239,95,"pink teddy bear",1,"2021-01-01 00:00:00"
240,95,"yellow bicycle",1,"2021-01-01 00:00:00"
241,96,"orange ball",1,"2021-01-10 00:00:00"
242,96,"orange crayons",1,"2021-01-10 00:00:00"
243,96,"black rubber ducky",3,"2021-01-10 00:00:00"
244,96,"green crayons",2,"2021-01-10 00:00:00"
245,97,"orange rocking horse",2,"2021-01-14 00:00:00"
246,97,"red doll",3,"2021-01-14 00:00:00"
247,97,"red ball",3,"2021-01-14 00:00:00"
248,98,"yellow airplane",1,"2021-01-13 00:00:00"
249,98,"yellow rubber ducky",3,"2021-01-13 00:00:00"
250,99,"white train",3,"2021-01-21 00:00:00"
251,99,"yellow rubber ducky",1,"2021-01-21 00:00:00"
252,99,"white rubber ducky",2,"2021-01-21 00:00:00"
253,99,"pink crayons",3,"2021-01-21 00:00:00"
254,100,"orange ball",1,"2021-01-30 00:00:00"
255,101,"green ball",2,"2021-01-29 00:00:00"
256,101,"yellow bicycle",2,"2021-01-29 00:00:00"
257,101,"yellow car",2,"2021-01-29 00:00:00"
258,102,"red car",3,"2021-01-30 00:00:00"
259,103,"black teddy bear",2,"2021-01-04 00:00:00"
260,104,"blue bicycle",1,"2021-01-31 00:00:00"
261,104,"blue kite",1,"2021-01-31 00:00:00"
262,104,"black rocking horse",1,"2021-01-31 00:00:00"
263,105,"",2,"2021-01-01 00:00:00"
264,105,"red rubber ducky",2,"2021-01-01 00:00:00"
265,106,"red bicycle",2,"2021-01-21 00:00:00"
266,106,"white ball",1,"2021-01-21 00:00:00"
267,107,"green rocking horse",3,"2021-01-31 00:00:00"
268,107,"pink airplane",3,"2021-01-31 00:00:00"
269,108,"black bicycle",2,"2021-01-17 00:00:00"
270,109,"pink train",3,"2021-01-07 00:00:00"
271,109,"pink crayons",2,"2021-01-07 00:00:00"
272,109,"red bicycle",2,"2021-01-07 00:00:00"
273,109,"white car",3,"2021-01-07 00:00:00"
274,110,"green ball",1,"2021-01-02 00:00:00"
275,110,"green train",1,"2021-01-02 00:00:00"
276,110,"yellow teddy bear",1,"2021-01-02 00:00:00"
277,111,"pink crayons",1,"2021-01-16 00:00:00"
278,112,"orange bicycle",1,"2021-01-19 00:00:00"
279,112,"blue car",3,"2021-01-19 00:00:00"
280,113,"black rocking horse",-1,"2021-01-16 00:00:00"
281,114,"white airplane",2,"2021-01-18 00:00:00"
282,114,"pink rubber ducky",3,"2021-01-18 00:00:00"
283,115,"black car",2,"2021-01-05 00:00:00"
284,115,"yellow train",1,"2021-01-05 00:00:00"
285,115,"pink bicycle",1,"2021-01-05 00:00:00"
286,115,"white doll",2,"2021-01-05 00:00:00"
287,116,"white doll",2,"2021-01-13 00:00:00"
288,117,"black rocking horse",2,"2021-01-27 00:00:00"
289,117,"pink rubber ducky",2,"2021-01-27 00:00:00"
290,117,"yellow ball",1,"2021-01-27 00:00:00"
291,118,"orange car",3,"2021-01-10 00:00:00"
292,118,"black rubber ducky",3,"2021-01-10 00:00:00"
293,118,"blue airplane",1,"2021-01-10 00:00:00"
294,119,"red car",3,"2021-01-24 00:00:00"
295,119,"orange car",2,"2021-01-24 00:00:00"
296,120,"green car",2,"2021-01-11 00:00:00"
297,120,"white bicycle",2,"2021-01-11 00:00:00"
298,120,"green kite",1,"2021-01-11 00:00:00"
299,120,"yellow doll",1,"2021-01-11 00:00:00"
300,121,"orange kite",3,"2021-01-28 00:00:00"
301,121,"green kite",2,"2021-01-28 00:00:00"
302,121,"green bicycle",3,"2021-01-28 00:00:00"
303,122,"green rubber ducky",1,"2021-01-14 00:00:00"
304,122,"pink rubber ducky",1,"2021-01-14 00:00:00"
305,122,"black doll",1,"2021-01-14 00:00:00"
306,123,"orange crayons",2,"2021-01-18 00:00:00"
307,123,"red rubber ducky",3,"2021-01-18 00:00:00"
308,123,"pink car",3,"2021-01-18 00:00:00"
309,123,"red kite",3,"2021-01-18 00:00:00"
310,124,"black rubber ducky",3,"2021-01-03 00:00:00"
311,124,"pink kite",1,"2021-01-03 00:00:00"
312,124,"blue ball",2,"2021-01-03 00:00:00"
313,124,"red train",3,"2021-01-03 00:00:00"
314,125,"pink car",2,"2021-01-25 00:00:00"
315,125,"red ball",2,"2021-01-25 00:00:00"
316,125,"yellow kite",3,"2021-01-25 00:00:00"
317,125,"orange bicycle",3,"2021-01-25 00:00:00"
318,126,"orange doll",1,"2021-01-15 00:00:00"
319,126,"white train",1,"2021-01-15 00:00:00"
320,126,"white teddy bear",2,"2021-01-15 00:00:00"
321,126,"black rocking horse",1,"2021-01-15 00:00:00"
322,127,"black doll",2,"2021-01-10 00:00:00"
323,128,"pink doll",1,"2021-01-26 00:00:00"
324,128,"orange car",2,"2021-01-26 00:00:00"
325,128,"pink ball",3,"2021-01-26 00:00:00"
326,128,"yellow crayons",2,"2021-01-26 00:00:00"
327,129,"green doll",2,"2021-01-02 00:00:00"
328,129,"yellow ball",2,"2021-01-02 00:00:00"
329,129,"green car",2,"2021-01-02 00:00:00"
330,129,"red kite",1,"2021-01-02 00:00:00"
331,130,"white doll",2,"2021-01-06 00:00:00"
332,130,"orange ball",1,"2021-01-06 00:00:00"
333,130,"black ball",1,"2021-01-06 00:00:00"
334,131,"blue bicycle",1,"2021-01-31 00:00:00"
335,132,"blue teddy bear",1,"2021-01-07 00:00:00"
336,132,"white car",1,"2021-01-07 00:00:00"
337,133,"white bicycle",2,"2021-01-29 00:00:00"
338,133,"pink train",2,"2021-01-29 00:00:00"
339,134,"green bicycle",2,"2021-01-13 00:00:00"
340,135,"black rubber ducky",1,"2021-01-17 00:00:00"
341,136,"pink doll",1,"2021-01-29 00:00:00"
342,136,"yellow car",-1,"2021-01-29 00:00:00"
343,137,"orange ball",1,"2021-01-17 00:00:00"
344,137,"black doll",3,"2021-01-17 00:00:00"
345,137,"green car",2,"2021-01-17 00:00:00"
346,137,"blue teddy bear",3,"2021-01-17 00:00:00"
347,138,"yellow car",3,"2021-01-02 00:00:00"
348,138,"green rocking horse",1,"2021-01-02 00:00:00"
349,138,"white rocking horse",1,"2021-01-02 00:00:00"
350,139,"orange bicycle",3,"2021-01-13 00:00:00"
351,139,"green rocking horse",1,"2021-01-13 00:00:00"
352,139,"pink ball",3,"2021-01-13 00:00:00"
353,139,"pink airplane",2,"2021-01-13 00:00:00"
354,140,"green ball",3,"2021-01-27 00:00:00"
355,140,"blue kite",2,"2021-01-27 00:00:00"
356,140,"red kite",1,"2021-01-27 00:00:00"
357,140,"white train",1,"2021-01-27 00:00:00"
358,141,"white bicycle",3,"2021-01-21 00:00:00"
359,141,"yellow train",3,"2021-01-21 00:00:00"
360,141,"red airplane",3,"2021-01-21 00:00:00"
361,141,"green rocking horse",3,"2021-01-21 00:00:00"
362,142,"pink ball",3,"2021-01-14 00:00:00"
363,142,"red teddy bear",2,"2021-01-14 00:00:00"
364,142,"black kite",3,"2021-01-14 00:00:00"
365,143,"pink train",3,"2021-01-27 00:00:00"
366,143,"orange doll",1,"2021-01-27 00:00:00"
367,143,"black ball",1,"2021-01-27 00:00:00"
368,143,"yellow doll",2,"2021-01-27 00:00:00"
369,144,"white ball",1,"2021-01-21 00:00:00"
370,144,"blue bicycle",1,"2021-01-21 00:00:00"
371,144,"pink rubber ducky",3,"2021-01-21 00:00:00"
372,144,"green crayons",1,"2021-01-21 00:00:00"
373,145,"blue teddy bear",1,"2021-01-15 00:00:00"
374,146,"blue train",2,"2021-01-01 00:00:00"
375,146,"pink bicycle",1,"2021-01-01 00:00:00"
376,146,"orange teddy bear",2,"2021-01-01 00:00:00"
377,147,"pink crayons",1,"2021-01-26 00:00:00"
378,147,"blue doll",2,"2021-01-26 00:00:00"
379,148,"green crayons",2,"2021-01-08 00:00:00"
380,148,"blue ball",1,"2021-01-08 00:00:00"
381,149,"orange car",2,"2021-01-10 00:00:00"
382,149,"green doll",1,"2021-01-10 00:00:00"
383,150,"",3,"2021-01-09 00:00:00"
384,150,"orange car",1,"2021-01-09 00:00:00"
385,150,"orange airplane",2,"2021-01-09 00:00:00"
386,151,"pink kite",2,"2021-01-20 00:00:00"
387,151,"yellow train",3,"2021-01-20 00:00:00"
388,152,"green kite",3,"2021-01-02 00:00:00"
389,152,"yellow airplane",1,"2021-01-02 00:00:00"
390,153,"pink ball",1,"2021-01-07 00:00:00"
391,154,"black airplane",1,"2021-01-13 00:00:00"
392,155,"orange doll",2,"2021-01-25 00:00:00"
393,155,"blue train",2,"2021-01-25 00:00:00"
394,155,"black teddy bear",1,"2021-01-25 00:00:00"
395,155,"black car",2,"2021-01-25 00:00:00"
396,156,"yellow crayons",1,"2021-01-20 00:00:00"
397,157,"pink teddy bear",1,"2021-01-17 00:00:00"
398,158,"yellow rocking horse",2,"2021-01-25 00:00:00"
399,158,"",1,"2021-01-25 00:00:00"
400,158,"pink doll",1,"2021-01-25 00:00:00"
401,159,"pink teddy bear",3,"2021-01-31 00:00:00"
402,159,"orange train",2,"2021-01-31 00:00:00"
403,160,"pink rubber ducky",1,"2021-01-26 00:00:00"
404,160,"red train",1,"2021-01-26 00:00:00"
405,160,"yellow airplane",1,"2021-01-26 00:00:00"
406,161,"orange train",2,"2021-01-04 00:00:00"
407,161,"green doll",3,"2021-01-04 00:00:00"
408,161,"yellow doll",1,"2021-01-04 00:00:00"
409,162,"red rocking horse",2,"2021-01-30 00:00:00"
410,162,"pink airplane",3,"2021-01-30 00:00:00"
411,163,"black bicycle",2,"2021-01-21 00:00:00"
412,163,"orange bicycle",2,"2021-01-21 00:00:00"
413,163,"black kite",3,"2021-01-21 00:00:00"
414,164,"pink crayons",3,"2021-01-04 00:00:00"
415,165,"blue teddy bear",1,"2021-01-07 00:00:00"
416,165,"green rocking horse",1,"2021-01-07 00:00:00"
417,165,"black car",2,"2021-01-07 00:00:00"
418,165,"orange teddy bear",1,"2021-01-07 00:00:00"
419,166,"red rubber ducky",3,"2021-01-02 00:00:00"
420,166,"black airplane",3,"2021-01-02 00:00:00"
421,166,"orange crayons",1,"2021-01-02 00:00:00"
422,167,"green crayons",3,"2021-01-26 00:00:00"
423,167,"blue car",1,"2021-01-26 00:00:00"
424,167,"black car",3,"2021-01-26 00:00:00"
425,167,"pink crayons",2,"2021-01-26 00:00:00"
426,168,"pink rocking horse",2,"2021-01-05 00:00:00"
427,168,"white teddy bear",3,"2021-01-05 00:00:00"
428,169,"yellow teddy bear",1,"2021-01-01 00:00:00"
429,169,"yellow bicycle",3,"2021-01-01 00:00:00"
430,170,"black car",1,"2021-01-12 00:00:00"
431,170,"red teddy bear",3,"2021-01-12 00:00:00"
432,171,"pink kite",3,"2021-01-10 00:00:00"
433,171,"pink airplane",2,"2021-01-10 00:00:00"
434,171,"blue rubber ducky",3,"2021-01-10 00:00:00"
435,171,"orange teddy bear",3,"2021-01-10 00:00:00"
436,172,"green airplane",2,"2021-01-16 00:00:00"
437,173,"blue kite",2,"2021-01-08 00:00:00"
438,173,"green airplane",3,"2021-01-08 00:00:00"
439,174,"pink kite",1,"2021-01-14 00:00:00"
440,174,"white crayons",2,"2021-01-14 00:00:00"
441,174,"green doll",1,"2021-01-14 00:00:00"
442,175,"red teddy bear",1,"2021-01-16 00:00:00"
443,175,"green rocking horse",2,"2021-01-16 00:00:00"
444,175,"white rubber ducky",1,"2021-01-16 00:00:00"
445,176,"green doll",1,"2021-01-29 00:00:00"
446,177,"blue kite",-1,"2021-01-17 00:00:00"
447,177,"yellow teddy bear",1,"2021-01-17 00:00:00"
448,178,"",3,"2021-01-31 00:00:00"
449,178,"white car",2,"2021-01-31 00:00:00"
450,179,"white airplane",1,"2021-01-26 00:00:00"
451,180,"orange teddy bear",3,"2021-01-29 00:00:00"
452,180,"red car",1,"2021-01-29 00:00:00"
453,181,"green bicycle",1,"2021-01-30 00:00:00"
454,181,"black ball",3,"2021-01-30 00:00:00"
455,181,"pink car",2,"2021-01-30 00:00:00"
456,181,"black teddy bear",1,"2021-01-30 00:00:00"
457,182,"red ball",3,"2021-01-22 00:00:00"
458,182,"blue rocking horse",2,"2021-01-22 00:00:00"
459,183,"yellow teddy bear",3,"2021-01-14 00:00:00"
460,183,"blue train",1,"2021-01-14 00:00:00"
461,183,"pink teddy bear",1,"2021-01-14 00:00:00"
462,183,"pink kite",2,"2021-01-14 00:00:00"
463,184,"green rubber ducky",3,"2021-01-24 00:00:00"
464,184,"pink rocking horse",2,"2021-01-24 00:00:00"
465,185,"red rubber ducky",1,"2021-01-11 00:00:00"
466,185,"pink bicycle",1,"2021-01-11 00:00:00"
467,185,"black doll",2,"2021-01-11 00:00:00"
468,186,"pink rubber ducky",3,"2021-01-10 00:00:00"
469,186,"pink train",1,"2021-01-10 00:00:00"
470,186,"orange train",2,"2021-01-10 00:00:00"
471,187,"red rubber ducky",1,"2021-01-24 00:00:00"
472,188,"green bicycle",1,"2021-01-12 00:00:00"
473,188,"green rubber ducky",3,"2021-01-12 00:00:00"
474,188,"red kite",2,"2021-01-12 00:00:00"
475,189,"yellow crayons",1,"2021-01-06 00:00:00"
476,189,"green kite",2,"2021-01-06 00:00:00"
477,190,"red airplane",3,"2021-01-25 00:00:00"
478,190,"white rocking horse",3,"2021-01-25 00:00:00"
479,190,"red kite",1,"2021-01-25 00:00:00"
480,191,"orange rocking horse",1,"2021-01-09 00:00:00"
481,191,"red teddy bear",1,"2021-01-09 00:00:00"
482,191,"green bicycle",3,"2021-01-09 00:00:00"
483,191,"black ball",1,"2021-01-09 00:00:00"
484,192,"yellow car",3,"2021-01-15 00:00:00"
485,192,"green train",1,"2021-01-15 00:00:00"
486,192,"black rubber ducky",3,"2021-01-15 00:00:00"
487,192,"pink car",3,"2021-01-15 00:00:00"
488,193,"pink car",1,"2021-01-19 00:00:00"
489,193,"black ball",3,"2021-01-19 00:00:00"
490,194,"yellow kite",3,"2021-01-16 00:00:00"
491,195,"red train",1,"2021-01-11 00:00:00"
492,195,"orange bicycle",2,"2021-01-11 00:00:00"
493,195,"blue kite",2,"2021-01-11 00:00:00"
494,196,"yellow ball",1,"2021-01-18 00:00:00"
495,197,"yellow car",1,"2021-01-10 00:00:00"
496,198,"black bicycle",1,"2021-01-11 00:00:00"
497,198,"red airplane",3,"2021-01-11 00:00:00"
498,199,"black ball",3,"2021-01-19 00:00:00"
499,200,"green crayons",2,"2021-01-30 00:00:00"
500,200,"red kite",2,"2021-01-30 00:00:00"
501,200,"blue rubber ducky",2,"2021-01-30 00:00:00"
502,201,"red rocking horse",2,"2021-01-25 00:00:00"
503,201,"white teddy bear",1,"2021-01-25 00:00:00"
504,201,"white rubber ducky",1,"2021-01-25 00:00:00"
505,201,"red car",1,"2021-01-25 00:00:00"
506,202,"blue kite",1,"2021-01-25 00:00:00"
507,202,"white teddy bear",1,"2021-01-25 00:00:00"
508,202,"black bicycle",3,"2021-01-25 00:00:00"
509,203,"white rocking horse",1,"2021-01-26 00:00:00"
510,203,"orange crayons",1,"2021-01-26 00:00:00"
511,203,"blue ball",1,"2021-01-26 00:00:00"
512,204,"black ball",2,"2021-01-13 00:00:00"
513,205,"red ball",1,"2021-01-03 00:00:00"
514,205,"pink car",3,"2021-01-03 00:00:00"
515,206,"pink crayons",1,"2021-01-08 00:00:00"
516,206,"green train",2,"2021-01-08 00:00:00"
517,206,"red ball",1,"2021-01-08 00:00:00"
518,206,"pink crayons",1,"2021-01-08 00:00:00"
519,207,"blue airplane",1,"2021-01-31 00:00:00"
520,208,"yellow bicycle",1,"2021-01-03 00:00:00"
521,209,"black car",1,"2021-01-10 00:00:00"
522,209,"red kite",3,"2021-01-10 00:00:00"
523,209,"black crayons",3,"2021-01-10 00:00:00"
524,210,"yellow airplane",3,"2021-01-26 00:00:00"
525,211,"green teddy bear",1,"2021-01-07 00:00:00"
526,211,"white kite",3,"2021-01-07 00:00:00"
527,211,"red crayons",3,"2021-01-07 00:00:00"
528,211,"black crayons",2,"2021-01-07 00:00:00"
529,212,"blue doll",1,"2021-01-29 00:00:00"
530,212,"black teddy bear",1,"2021-01-29 00:00:00"
531,212,"white rocking horse",1,"2021-01-29 00:00:00"
532,213,"black teddy bear",2,"2021-01-08 00:00:00"
533,213,"blue rocking horse",1,"2021-01-08 00:00:00"
534,213,"red kite",1,"2021-01-08 00:00:00"
535,214,"green doll",2,"2021-01-25 00:00:00"
536,215,"white kite",1,"2021-01-19 00:00:00"
537,215,"orange bicycle",2,"2021-01-19 00:00:00"
538,215,"blue teddy bear",-1,"2021-01-19 00:00:00"
539,215,"black doll",1,"2021-01-19 00:00:00"
540,216,"black airplane",2,"2021-01-06 00:00:00"
541,216,"yellow ball",1,"2021-01-06 00:00:00"
542,217,"pink crayons",2,"2021-01-30 00:00:00"
543,217,"green airplane",3,"2021-01-30 00:00:00"
544,217,"white ball",2,"2021-01-30 00:00:00"
545,218,"red teddy bear",1,"2021-01-24 00:00:00"
546,218,"red crayons",1,"2021-01-24 00:00:00"
547,218,"green kite",1,"2021-01-24 00:00:00"
548,218,"blue ball",3,"2021-01-24 00:00:00"
549,219,"blue train",2,"2021-01-04 00:00:00"
550,219,"white car",1,"2021-01-04 00:00:00"
551,219,"white rubber ducky",3,"2021-01-04 00:00:00"
552,219,"orange crayons",3,"2021-01-04 00:00:00"
553,220,"blue rubber ducky",2,"2021-01-11 00:00:00"
554,220,"orange crayons",2,"2021-01-11 00:00:00"
555,220,"black teddy bear",1,"2021-01-11 00:00:00"
556,220,"black train",3,"2021-01-11 00:00:00"
557,221,"blue kite",1,"2021-01-31 00:00:00"
558,221,"black airplane",2,"2021-01-31 00:00:00"
559,222,"yellow rubber ducky",3,"2021-01-10 00:00:00"
560,222,"red rocking horse",3,"2021-01-10 00:00:00"
561,222,"orange ball",2,"2021-01-10 00:00:00"
562,222,"pink doll",2,"2021-01-10 00:00:00"
563,223,"black teddy bear",2,"2021-01-25 00:00:00"
564,223,"red rocking horse",2,"2021-01-25 00:00:00"
565,224,"green teddy bear",3,"2021-01-13 00:00:00"
566,224,"pink train",1,"2021-01-13 00:00:00"
567,225,"blue kite",2,"2021-01-21 00:00:00"
568,226,"blue bicycle",3,"2021-01-20 00:00:00"
569,226,"green rocking horse",3,"2021-01-20 00:00:00"
570,226,"yellow airplane",1,"2021-01-20 00:00:00"
571,226,"black teddy bear",1,"2021-01-20 00:00:00"
572,227,"red bicycle",1,"2021-01-25 00:00:00"
573,227,"red crayons",2,"2021-01-25 00:00:00"
574,227,"yellow train",1,"2021-01-25 00:00:00"
575,227,"pink doll",2,"2021-01-25 00:00:00"
576,228,"pink doll",3,"2021-01-12 00:00:00"
577,228,"blue doll",2,"2021-01-12 00:00:00"
578,229,"black bicycle",3,"2021-01-29 00:00:00"
579,229,"black rocking horse",3,"2021-01-29 00:00:00"
580,229,"red ball",2,"2021-01-29 00:00:00"
581,229,"orange rocking horse",1,"2021-01-29 00:00:00"
582,230,"red crayons",2,"2021-01-13 00:00:00"
583,230,"white ball",2,"2021-01-13 00:00:00"
584,230,"white car",2,"2021-01-13 00:00:00"
585,231,"white kite",3,"2021-01-19 00:00:00"
586,232,"red ball",1,"2021-01-02 00:00:00"
587,233,"pink kite",2,"2021-01-17 00:00:00"
588,234,"orange train",1,"2021-01-12 00:00:00"
589,234,"red car",2,"2021-01-12 00:00:00"
590,235,"yellow bicycle",2,"2021-01-05 00:00:00"
591,236,"green crayons",1,"2021-01-24 00:00:00"
592,236,"yellow airplane",1,"2021-01-24 00:00:00"
593,236,"white train",1,"2021-01-24 00:00:00"
594,236,"green ball",1,"2021-01-24 00:00:00"
595,237,"red kite",3,"2021-01-31 00:00:00"
596,237,"pink train",2,"2021-01-31 00:00:00"
597,237,"red doll",2,"2021-01-31 00:00:00"
598,238,"blue bicycle",1,"2021-01-17 00:00:00"
599,239,"black rocking horse",2,"2021-01-01 00:00:00"
600,239,"blue rubber ducky",2,"2021-01-01 00:00:00"
601,239,"red rocking horse",1,"2021-01-01 00:00:00"
602,240,"yellow kite",2,"2021-01-09 00:00:00"
603,240,"white teddy bear",2,"2021-01-09 00:00:00"
604,241,"pink bicycle",1,"2021-01-03 00:00:00"
605,241,"yellow bicycle",2,"2021-01-03 00:00:00"
606,241,"white airplane",2,"2021-01-03 00:00:00"
607,241,"green rubber ducky",2,"2021-01-03 00:00:00"
608,242,"red train",3,"2021-01-06 00:00:00"
609,243,"black rocking horse",2,"2021-01-22 00:00:00"
610,243,"blue car",2,"2021-01-22 00:00:00"
611,244,"black rubber ducky",2,"2021-01-10 00:00:00"
612,244,"pink train",1,"2021-01-10 00:00:00"
613,244,"yellow rubber ducky",-1,"2021-01-10 00:00:00"
614,245,"red airplane",2,"2021-01-01 00:00:00"
615,245,"black teddy bear",3,"2021-01-01 00:00:00"
616,246,"blue airplane",1,"2021-01-15 00:00:00"
617,246,"green car",1,"2021-01-15 00:00:00"
618,246,"orange rubber ducky",1,"2021-01-15 00:00:00"
619,247,"pink bicycle",1,"2021-01-21 00:00:00"
620,248,"black airplane",3,"2021-01-10 00:00:00"
621,248,"white train",2,"2021-01-10 00:00:00"
622,248,"orange rubber ducky",3,"2021-01-10 00:00:00"
623,249,"orange teddy bear",3,"2021-01-31 00:00:00"
624,249,"white rubber ducky",3,"2021-01-31 00:00:00"
625,250,"black teddy bear",1,"2021-01-12 00:00:00"
626,250,"pink car",3,"2021-01-12 00:00:00"
627,250,"green rocking horse",1,"2021-01-12 00:00:00"
628,250,"black train",2,"2021-01-12 00:00:00"
629,251,"yellow doll",1,"2021-01-16 00:00:00"
630,251,"green kite",2,"2021-01-16 00:00:00"
631,251,"green rocking horse",2,"2021-01-16 00:00:00"
632,251,"blue airplane",3,"2021-01-16 00:00:00"
633,252,"yellow ball",3,"2021-01-08 00:00:00"
634,252,"green doll",3,"2021-01-08 00:00:00"
635,253,"yellow rocking horse",3,"2021-01-10 00:00:00"
636,253,"pink train",3,"2021-01-10 00:00:00"
637,253,"orange teddy bear",3,"2021-01-10 00:00:00"
638,253,"red car",2,"2021-01-10 00:00:00"
639,254,"red train",2,"2021-01-16 00:00:00"
640,254,"orange teddy bear",1,"2021-01-16 00:00:00"
641,254,"orange bicycle",2,"2021-01-16 00:00:00"
642,255,"blue car",3,"2021-01-03 00:00:00"
643,255,"black crayons",2,"2021-01-03 00:00:00"
644,255,"pink airplane",1,"2021-01-03 00:00:00"
645,256,"pink kite",1,"2021-01-26 00:00:00"
646,257,"red teddy bear",3,"2021-01-27 00:00:00"
647,257,"pink ball",2,"2021-01-27 00:00:00"
648,258,"red doll",2,"2021-01-20 00:00:00"
649,258,"orange car",2,"2021-01-20 00:00:00"
650,258,"white rubber ducky",1,"2021-01-20 00:00:00"
651,259,"green doll",2,"2021-01-01 00:00:00"
652,259,"orange rubber ducky",2,"2021-01-01 00:00:00"
653,259,"blue train",3,"2021-01-01 00:00:00"
654,260,"red train",1,"2021-01-28 00:00:00"
655,260,"",3,"2021-01-28 00:00:00"
656,261,"pink ball",1,"2021-01-28 00:00:00"
657,261,"green car",1,"2021-01-28 00:00:00"
658,262,"pink train",3,"2021-01-31 00:00:00"
659,262,"orange train",2,"2021-01-31 00:00:00"
660,263,"blue teddy bear",3,"2021-01-27 00:00:00"
661,263,"red car",2,"2021-01-27 00:00:00"
662,263,"blue teddy bear",2,"2021-01-27 00:00:00"
663,264,"pink airplane",1,"2021-01-27 00:00:00"
664,264,"green airplane",1,"2021-01-27 00:00:00"
665,265,"orange bicycle",2,"2021-01-27 00:00:00"
666,266,"orange train",2,"2021-01-05 00:00:00"
667,266,"orange bicycle",3,"2021-01-05 00:00:00"
668,267,"pink rubber ducky",1,"2021-01-05 00:00:00"
669,267,"black doll",1,"2021-01-05 00:00:00"
670,267,"pink rubber ducky",1,"2021-01-05 00:00:00"
671,268,"pink rubber ducky",1,"2021-01-05 00:00:00"
672,268,"yellow train",1,"2021-01-05 00:00:00"
673,268,"orange rubber ducky",2,"2021-01-05 00:00:00"
674,268,"orange kite",2,"2021-01-05 00:00:00"
675,269,"green bicycle",2,"2021-01-18 00:00:00"
676,269,"orange teddy bear",1,"2021-01-18 00:00:00"
677,270,"blue rubber ducky",3,"2021-01-29 00:00:00"
678,270,"yellow doll",1,"2021-01-29 00:00:00"
679,270,"yellow doll",3,"2021-01-29 00:00:00"
680,271,"yellow bicycle",1,"2021-01-28 00:00:00"
681,271,"red car",1,"2021-01-28 00:00:00"
682,271,"yellow train",3,"2021-01-28 00:00:00"
683,271,"black car",-1,"2021-01-28 00:00:00"
684,272,"yellow bicycle",2,"2021-01-06 00:00:00"
685,272,"blue car",1,"2021-01-06 00:00:00"
686,272,"",3,"2021-01-06 00:00:00"
687,273,"pink train",3,"2021-01-27 00:00:00"
688,274,"orange train",2,"2021-01-07 00:00:00"
689,274,"white rocking horse",-1,"2021-01-07 00:00:00"
690,274,"white rocking horse",2,"2021-01-07 00:00:00"
691,274,"blue kite",2,"2021-01-07 00:00:00"
692,275,"green kite",3,"2021-01-30 00:00:00"
693,275,"yellow ball",1,"2021-01-30 00:00:00"
694,275,"blue teddy bear",3,"2021-01-30 00:00:00"
695,276,"blue rubber ducky",1,"2021-01-16 00:00:00"
696,276,"black crayons",2,"2021-01-16 00:00:00"
697,276,"orange doll",1,"2021-01-16 00:00:00"
698,277,"white bicycle",3,"2021-01-16 00:00:00"
699,277,"red teddy bear",2,"2021-01-16 00:00:00"
700,278,"black car",2,"2021-01-08 00:00:00"
701,279,"black ball",2,"2021-01-20 00:00:00"
702,279,"white rubber ducky",1,"2021-01-20 00:00:00"
703,280,"blue bicycle",1,"2021-01-02 00:00:00"
704,280,"black airplane",3,"2021-01-02 00:00:00"
705,281,"pink ball",2,"2021-01-17 00:00:00"
706,281,"orange train",3,"2021-01-17 00:00:00"
707,282,"green train",3,"2021-01-27 00:00:00"
708,282,"orange teddy bear",1,"2021-01-27 00:00:00"
709,282,"black crayons",2,"2021-01-27 00:00:00"
710,283,"black kite",3,"2021-01-21 00:00:00"
711,284,"white airplane",1,"2021-01-02 00:00:00"
712,284,"yellow rocking horse",2,"2021-01-02 00:00:00"
713,284,"pink ball",1,"2021-01-02 00:00:00"
714,284,"orange kite",2,"2021-01-02 00:00:00"
715,285,"green airplane",2,"2021-01-24 00:00:00"
716,285,"white car",1,"2021-01-24 00:00:00"
717,285,"blue train",3,"2021-01-24 00:00:00"
718,286,"white teddy bear",1,"2021-01-12 00:00:00"
719,286,"white ball",2,"2021-01-12 00:00:00"
720,287,"red train",2,"2021-01-31 00:00:00"
721,287,"orange train",2,"2021-01-31 00:00:00"
722,287,"green car",3,"2021-01-31 00:00:00"
723,287,"white crayons",3,"2021-01-31 00:00:00"
724,288,"black rubber ducky",3,"2021-01-28 00:00:00"
725,288,"",2,"2021-01-28 00:00:00"
726,288,"red doll",1,"2021-01-28 00:00:00"
727,288,"black train",3,"2021-01-28 00:00:00"
728,289,"green rocking horse",3,"2021-01-15 00:00:00"
729,289,"orange ball",3,"2021-01-15 00:00:00"
730,289,"yellow car",3,"2021-01-15 00:00:00"
731,289,"green ball",3,"2021-01-15 00:00:00"
732,290,"red rocking horse",3,"2021-01-02 00:00:00"
733,290,"orange kite",2,"2021-01-02 00:00:00"
734,290,"green rubber ducky",3,"2021-01-02 00:00:00"
735,290,"black rubber ducky",1,"2021-01-02 00:00:00"
736,291,"black car",1,"2021-01-11 00:00:00"
737,291,"blue doll",3,"2021-01-11 00:00:00"
738,291,"red airplane",3,"2021-01-11 00:00:00"
739,291,"pink rocking horse",2,"2021-01-11 00:00:00"
740,292,"orange airplane",3,"2021-01-28 00:00:00"
741,292,"black crayons",2,"2021-01-28 00:00:00"
742,293,"yellow kite",1,"2021-01-31 00:00:00"
743,293,"black doll",3,"2021-01-31 00:00:00"
744,293,"black ball",2,"2021-01-31 00:00:00"
745,294,"yellow doll",3,"2021-01-27 00:00:00"
746,294,"",1,"2021-01-27 00:00:00"
747,295,"green bicycle",1,"2021-01-05 00:00:00"
748,295,"pink ball",2,"2021-01-05 00:00:00"
749,295,"green teddy bear",1,"2021-01-05 00:00:00"
750,295,"pink airplane",1,"2021-01-05 00:00:00"
751,296,"blue teddy bear",1,"2021-01-11 00:00:00"
752,297,"white doll",3,"2021-01-29 00:00:00"
753,298,"blue doll",3,"2021-01-28 00:00:00"
754,298,"green rocking horse",2,"2021-01-28 00:00:00"
755,298,"white rocking horse",3,"2021-01-28 00:00:00"
756,298,"yellow rubber ducky",3,"2021-01-28 00:00:00"
757,299,"blue rocking horse",3,"2021-01-05 00:00:00"
758,299,"black rocking horse",1,"2021-01-05 00:00:00"
759,299,"pink train",3,"2021-01-05 00:00:00"
760,300,"red doll",3,"2021-01-15 00:00:00"
761,300,"orange train",1,"2021-01-15 00:00:00"
762,301,"black crayons",3,"2021-01-12 00:00:00"
763,301,"orange bicycle",1,"2021-01-12 00:00:00"
764,302,"white car",2,"2021-01-05 00:00:00"
765,303,"white train",3,"2021-01-08 00:00:00"
766,303,"blue ball",2,"2021-01-08 00:00:00"
767,303,"blue teddy bear",2,"2021-01-08 00:00:00"
768,304,"red doll",2,"2021-01-26 00:00:00"
769,304,"black car",1,"2021-01-26 00:00:00"
770,305,"red car",2,"2021-01-26 00:00:00"
771,305,"yellow airplane",1,"2021-01-26 00:00:00"
772,306,"blue airplane",2,"2021-01-19 00:00:00"
773,306,"red doll",1,"2021-01-19 00:00:00"
774,306,"blue train",1,"2021-01-19 00:00:00"
775,306,"red car",2,"2021-01-19 00:00:00"
776,307,"pink airplane",1,"2021-01-31 00:00:00"
777,307,"white bicycle",1,"2021-01-31 00:00:00"
778,307,"red ball",3,"2021-01-31 00:00:00"
779,307,"yellow train",2,"2021-01-31 00:00:00"
780,308,"white car",3,"2021-01-05 00:00:00"
781,308,"orange teddy bear",2,"2021-01-05 00:00:00"
782,308,"orange airplane",1,"2021-01-05 00:00:00"
783,308,"orange rocking horse",2,"2021-01-05 00:00:00"
784,309,"blue doll",1,"2021-01-13 00:00:00"
785,310,"red teddy bear",3,"2021-01-18 00:00:00"
786,310,"green doll",2,"2021-01-18 00:00:00"
787,310,"red bicycle",3,"2021-01-18 00:00:00"
788,310,"blue airplane",1,"2021-01-18 00:00:00"
789,311,"yellow rocking horse",1,"2021-01-17 00:00:00"
790,311,"white kite",3,"2021-01-17 00:00:00"
791,311,"blue doll",3,"2021-01-17 00:00:00"
792,311,"orange car",3,"2021-01-17 00:00:00"
793,312,"blue doll",1,"2021-01-16 00:00:00"
794,313,"blue teddy bear",3,"2021-01-14 00:00:00"
795,313,"black crayons",1,"2021-01-14 00:00:00"
796,313,"yellow car",1,"2021-01-14 00:00:00"
797,314,"yellow doll",2,"2021-01-25 00:00:00"
798,315,"white kite",3,"2021-01-03 00:00:00"
799,315,"blue car",1,"2021-01-03 00:00:00"
800,316,"white rocking horse",1,"2021-01-07 00:00:00"
801,316,"blue rocking horse",3,"2021-01-07 00:00:00"
802,316,"white car",2,"2021-01-07 00:00:00"
803,316,"black kite",2,"2021-01-07 00:00:00"
804,317,"blue car",1,"2021-01-26 00:00:00"
805,317,"orange ball",2,"2021-01-26 00:00:00"
806,317,"white crayons",1,"2021-01-26 00:00:00"
807,318,"orange ball",1,"2021-01-14 00:00:00"
808,318,"orange kite",1,"2021-01-14 00:00:00"
809,319,"white airplane",3,"2021-01-11 00:00:00"
810,319,"green airplane",3,"2021-01-11 00:00:00"
811,320,"black rubber ducky",2,"2021-01-09 00:00:00"
812,321,"green bicycle",2,"2021-01-09 00:00:00"
813,321,"",3,"2021-01-09 00:00:00"
814,321,"pink ball",1,"2021-01-09 00:00:00"
815,322,"black rocking horse",1,"2021-01-27 00:00:00"
816,323,"white rubber ducky",1,"2021-01-17 00:00:00"
817,323,"red teddy bear",2,"2021-01-17 00:00:00"
818,324,"yellow teddy bear",1,"2021-01-05 00:00:00"
819,324,"red doll",2,"2021-01-05 00:00:00"
820,324,"pink crayons",2,"2021-01-05 00:00:00"
821,324,"yellow train",1,"2021-01-05 00:00:00"
822,325,"black rubber ducky",2,"2021-01-15 00:00:00"
823,325,"pink crayons",1,"2021-01-15 00:00:00"
824,325,"",2,"2021-01-15 00:00:00"
825,326,"yellow rocking horse",2,"2021-01-28 00:00:00"
826,326,"white doll",1,"2021-01-28 00:00:00"
827,326,"yellow kite",2,"2021-01-28 00:00:00"
828,326,"orange crayons",3,"2021-01-28 00:00:00"
829,327,"black teddy bear",2,"2021-01-09 00:00:00"
830,328,"pink kite",3,"2021-01-11 00:00:00"
831,328,"red kite",1,"2021-01-11 00:00:00"
832,329,"pink kite",3,"2021-01-22 00:00:00"
833,330,"pink doll",2,"2021-01-04 00:00:00"
834,330,"black crayons",2,"2021-01-04 00:00:00"
835,330,"green airplane",2,"2021-01-04 00:00:00"
836,330,"orange airplane",3,"2021-01-04 00:00:00"
837,331,"orange bicycle",2,"2021-01-26 00:00:00"
838,331,"green ball",1,"2021-01-26 00:00:00"
839,332,"orange kite",3,"2021-01-10 00:00:00"
840,332,"yellow rubber ducky",2,"2021-01-10 00:00:00"
841,333,"pink bicycle",3,"2021-01-14 00:00:00"
842,333,"green teddy bear",3,"2021-01-14 00:00:00"
843,334,"red ball",3,"2021-01-31 00:00:00"
844,334,"red airplane",2,"2021-01-31 00:00:00"
845,334,"blue car",2,"2021-01-31 00:00:00"
846,335,"orange doll",2,"2021-01-31 00:00:00"
847,335,"black rocking horse",2,"2021-01-31 00:00:00"
848,336,"white crayons",2,"2021-01-04 00:00:00"
849,337,"pink teddy bear",2,"2021-01-28 00:00:00"
850,338,"pink bicycle",1,"2021-01-16 00:00:00"
851,338,"orange bicycle",2,"2021-01-16 00:00:00"
852,338,"green bicycle",3,"2021-01-16 00:00:00"
853,339,"pink bicycle",1,"2021-01-07 00:00:00"
854,339,"red teddy bear",3,"2021-01-07 00:00:00"
855,339,"red car",3,"2021-01-07 00:00:00"
856,339,"orange rocking horse",3,"2021-01-07 00:00:00"
857,340,"",2,"2021-01-16 00:00:00"
858,340,"black bicycle",2,"2021-01-16 00:00:00"
859,340,"black teddy bear",1,"2021-01-16 00:00:00"
860,340,"blue ball",1,"2021-01-16 00:00:00"
861,341,"black airplane",2,"2021-01-31 00:00:00"
862,341,"red train",2,"2021-01-31 00:00:00"
863,341,"orange airplane",1,"2021-01-31 00:00:00"
864,341,"red train",1,"2021-01-31 00:00:00"
865,342,"red teddy bear",3,"2021-01-03 00:00:00"
866,342,"black teddy bear",3,"2021-01-03 00:00:00"
867,343,"pink doll",1,"2021-01-22 00:00:00"
868,343,"blue rocking horse",2,"2021-01-22 00:00:00"
869,343,"red rocking horse",3,"2021-01-22 00:00:00"
870,343,"orange ball",2,"2021-01-22 00:00:00"
871,344,"white car",3,"2021-01-10 00:00:00"
872,345,"black bicycle",-1,"2021-01-26 00:00:00"
873,345,"white ball",2,"2021-01-26 00:00:00"
874,346,"orange airplane",2,"2021-01-06 00:00:00"
875,347,"pink car",1,"2021-01-07 00:00:00"
876,347,"orange doll",2,"2021-01-07 00:00:00"
877,348,"green train",3,"2021-01-04 00:00:00"
878,348,"white car",1,"2021-01-04 00:00:00"
879,349,"orange airplane",1,"2021-01-27 00:00:00"
880,349,"red kite",2,"2021-01-27 00:00:00"
881,349,"orange teddy bear",3,"2021-01-27 00:00:00"
882,349,"green rubber ducky",2,"2021-01-27 00:00:00"
883,350,"blue teddy bear",1,"2021-01-26 00:00:00"
884,350,"red teddy bear",3,"2021-01-26 00:00:00"
885,351,"red car",3,"2021-01-17 00:00:00"
886,351,"orange teddy bear",3,"2021-01-17 00:00:00"
887,351,"yellow rocking horse",1,"2021-01-17 00:00:00"
888,352,"white kite",1,"2021-01-01 00:00:00"
889,352,"pink crayons",1,"2021-01-01 00:00:00"
890,352,"yellow doll",2,"2021-01-01 00:00:00"
891,353,"black rocking horse",2,"2021-01-21 00:00:00"
892,354,"white rocking horse",3,"2021-01-21 00:00:00"
893,354,"",1,"2021-01-21 00:00:00"
894,355,"black kite",1,"2021-01-16 00:00:00"
895,356,"blue teddy bear",2,"2021-01-12 00:00:00"
896,356,"pink car",1,"2021-01-12 00:00:00"
897,356,"orange airplane",1,"2021-01-12 00:00:00"
898,356,"green teddy bear",1,"2021-01-12 00:00:00"
899,357,"white rubber ducky",1,"2021-01-02 00:00:00"
900,357,"green kite",3,"2021-01-02 00:00:00"
901,357,"red airplane",1,"2021-01-02 00:00:00"
902,357,"yellow doll",3,"2021-01-02 00:00:00"
903,358,"orange car",2,"2021-01-08 00:00:00"
904,358,"yellow bicycle",2,"2021-01-08 00:00:00"
905,358,"blue airplane",3,"2021-01-08 00:00:00"
906,359,"white rocking horse",3,"2021-01-03 00:00:00"
907,359,"black doll",2,"2021-01-03 00:00:00"
908,359,"pink teddy bear",1,"2021-01-03 00:00:00"
909,359,"red kite",2,"2021-01-03 00:00:00"
910,360,"",3,"2021-01-26 00:00:00"
911,361,"black ball",2,"2021-01-18 00:00:00"
912,361,"pink rubber ducky",2,"2021-01-18 00:00:00"
913,361,"blue car",2,"2021-01-18 00:00:00"
914,361,"blue doll",3,"2021-01-18 00:00:00"
915,362,"pink doll",3,"2021-01-25 00:00:00"
916,362,"yellow ball",3,"2021-01-25 00:00:00"
917,363,"black rocking horse",3,"2021-01-13 00:00:00"
918,363,"white car",1,"2021-01-13 00:00:00"
919,363,"white train",3,"2021-01-13 00:00:00"
920,363,"white airplane",3,"2021-01-13 00:00:00"
921,364,"pink rubber ducky",2,"2021-01-15 00:00:00"
922,364,"blue car",2,"2021-01-15 00:00:00"
923,364,"blue rubber ducky",1,"2021-01-15 00:00:00"
924,364,"yellow rocking horse",3,"2021-01-15 00:00:00"
925,365,"red doll",2,"2021-01-25 00:00:00"
926,365,"red airplane",1,"2021-01-25 00:00:00"
927,365,"orange crayons",1,"2021-01-25 00:00:00"
928,365,"orange rubber ducky",3,"2021-01-25 00:00:00"
929,366,"green crayons",1,"2021-01-20 00:00:00"
930,367,"white train",1,"2021-01-09 00:00:00"
931,367,"orange bicycle",2,"2021-01-09 00:00:00"
932,368,"green rocking horse",2,"2021-01-01 00:00:00"
933,368,"white train",2,"2021-01-01 00:00:00"
934,368,"black kite",3,"2021-01-01 00:00:00"
935,369,"green teddy bear",1,"2021-01-27 00:00:00"
936,369,"white teddy bear",3,"2021-01-27 00:00:00"
937,369,"red train",3,"2021-01-27 00:00:00"
938,369,"orange bicycle",1,"2021-01-27 00:00:00"
939,370,"orange crayons",3,"2021-01-14 00:00:00"
940,370,"green ball",1,"2021-01-14 00:00:00"
941,370,"black crayons",1,"2021-01-14 00:00:00"
942,370,"yellow rubber ducky",3,"2021-01-14 00:00:00"
943,371,"",3,"2021-01-25 00:00:00"
944,371,"yellow bicycle",1,"2021-01-25 00:00:00"
945,371,"yellow airplane",3,"2021-01-25 00:00:00"
946,371,"green doll",3,"2021-01-25 00:00:00"
947,372,"orange kite",1,"2021-01-04 00:00:00"
948,372,"pink bicycle",3,"2021-01-04 00:00:00"
949,372,"red teddy bear",3,"2021-01-04 00:00:00"
950,373,"blue airplane",3,"2021-01-27 00:00:00"
951,374,"orange doll",2,"2021-01-04 00:00:00"
952,374,"black teddy bear",2,"2021-01-04 00:00:00"
953,374,"yellow rocking horse",1,"2021-01-04 00:00:00"
954,375,"white airplane",1,"2021-01-15 00:00:00"
955,375,"yellow kite",3,"2021-01-15 00:00:00"
956,376,"yellow crayons",1,"2021-01-26 00:00:00"
957,376,"red kite",3,"2021-01-26 00:00:00"
958,376,"red train",3,"2021-01-26 00:00:00"
959,377,"orange kite",3,"2021-01-24 00:00:00"
960,377,"black teddy bear",2,"2021-01-24 00:00:00"
961,378,"green crayons",2,"2021-01-10 00:00:00"
962,378,"red rubber ducky",2,"2021-01-10 00:00:00"
963,378,"yellow bicycle",1,"2021-01-10 00:00:00"
964,379,"blue rocking horse",2,"2021-01-04 00:00:00"
965,379,"black airplane",1,"2021-01-04 00:00:00"
966,379,"yellow bicycle",1,"2021-01-04 00:00:00"
967,379,"black rubber ducky",1,"2021-01-04 00:00:00"
968,380,"pink airplane",3,"2021-01-25 00:00:00"
969,380,"red bicycle",2,"2021-01-25 00:00:00"
970,380,"red crayons",1,"2021-01-25 00:00:00"
971,381,"red crayons",2,"2021-01-11 00:00:00"
972,381,"black train",1,"2021-01-11 00:00:00"
973,381,"orange rocking horse",3,"2021-01-11 00:00:00"
974,381,"white rubber ducky",1,"2021-01-11 00:00:00"
975,382,"pink rubber ducky",3,"2021-01-13 00:00:00"
976,383,"green doll",3,"2021-01-16 00:00:00"
977,384,"orange teddy bear",1,"2021-01-14 00:00:00"
978,384,"pink train",3,"2021-01-14 00:00:00"
979,385,"pink rubber ducky",1,"2021-01-22 00:00:00"
980,386,"blue teddy bear",2,"2021-01-31 00:00:00"
981,386,"black rubber ducky",2,"2021-01-31 00:00:00"
982,387,"black train",1,"2021-01-28 00:00:00"
983,387,"black doll",2,"2021-01-28 00:00:00"
984,387,"yellow rocking horse",1,"2021-01-28 00:00:00"
985,388,"red airplane",3,"2021-01-04 00:00:00"
986,388,"red rocking horse",2,"2021-01-04 00:00:00"
987,388,"yellow bicycle",3,"2021-01-04 00:00:00"
988,389,"pink ball",3,"2021-01-20 00:00:00"
989,390,"yellow train",1,"2021-01-19 00:00:00"
990,390,"pink ball",1,"2021-01-19 00:00:00"
991,391,"orange rubber ducky",3,"2021-01-29 00:00:00"
992,391,"pink car",2,"2021-01-29 00:00:00"
993,392,"pink airplane",3,"2021-01-22 00:00:00"
994,393,"blue train",2,"2021-01-16 00:00:00"
995,393,"green doll",1,"2021-01-16 00:00:00"
996,393,"blue bicycle",3,"2021-01-16 00:00:00"
997,393,"pink teddy bear",1,"2021-01-16 00:00:00"
998,394,"black crayons",3,"2021-01-29 00:00:00"
999,394,"yellow kite",2,"2021-01-29 00:00:00"
1000,394,"black crayons",2,"2021-01-29 00:00:00"
1001,395,"orange teddy bear",1,"2021-01-09 00:00:00"
1002,395,"red rocking horse",3,"2021-01-09 00:00:00"
1003,395,"blue rubber ducky",3,"2021-01-09 00:00:00"
1004,396,"black doll",2,"2021-01-02 00:00:00"
1005,396,"red crayons",1,"2021-01-02 00:00:00"
1006,396,"",2,"2021-01-02 00:00:00"
1007,396,"green rubber ducky",1,"2021-01-02 00:00:00"
1008,397,"red train",3,"2021-01-28 00:00:00"
1009,397,"orange train",1,"2021-01-28 00:00:00"
1010,398,"black car",1,"2021-01-15 00:00:00"
1011,398,"green train",2,"2021-01-15 00:00:00"
1012,398,"pink rocking horse",3,"2021-01-15 00:00:00"
1013,398,"black teddy bear",3,"2021-01-15 00:00:00"
1014,399,"white train",2,"2021-01-30 00:00:00"
1015,399,"red ball",2,"2021-01-30 00:00:00"
1016,399,"black car",2,"2021-01-30 00:00:00"
1017,399,"yellow train",3,"2021-01-30 00:00:00"
1018,400,"red ball",3,"2021-01-06 00:00:00"
1019,400,"pink car",1,"2021-01-06 00:00:00"
1020,400,"green ball",2,"2021-01-06 00:00:00"
1021,400,"red crayons",1,"2021-01-06 00:00:00"
1022,401,"yellow doll",3,"2021-01-08 00:00:00"
1023,402,"green rubber ducky",2,"2021-01-31 00:00:00"
1024,402,"orange rubber ducky",2,"2021-01-31 00:00:00"
1025,403,"white rocking horse",2,"2021-01-27 00:00:00"
1026,403,"orange rubber ducky",2,"2021-01-27 00:00:00"
1027,403,"orange kite",2,"2021-01-27 00:00:00"
1028,403,"blue train",2,"2021-01-27 00:00:00"
1029,404,"orange kite",1,"2021-01-24 00:00:00"
1030,404,"black kite",1,"2021-01-24 00:00:00"
1031,404,"orange rubber ducky",1,"2021-01-24 00:00:00"
1032,404,"white kite",2,"2021-01-24 00:00:00"
1033,405,"white bicycle",2,"2021-01-27 00:00:00"
1034,405,"blue rocking horse",2,"2021-01-27 00:00:00"
1035,405,"red bicycle",1,"2021-01-27 00:00:00"
1036,405,"orange car",2,"2021-01-27 00:00:00"
1037,406,"blue teddy bear",1,"2021-01-16 00:00:00"
1038,406,"red ball",3,"2021-01-16 00:00:00"
1039,407,"white doll",3,"2021-01-17 00:00:00"
1040,408,"yellow airplane",1,"2021-01-22 00:00:00"
1041,408,"pink train",1,"2021-01-22 00:00:00"
1042,408,"orange ball",1,"2021-01-22 00:00:00"
1043,409,"yellow teddy bear",2,"2021-01-17 00:00:00"
1044,409,"green airplane",3,"2021-01-17 00:00:00"
1045,410,"orange rocking horse",2,"2021-01-06 00:00:00"
1046,410,"black doll",3,"2021-01-06 00:00:00"
1047,410,"green bicycle",3,"2021-01-06 00:00:00"
1048,410,"green airplane",-1,"2021-01-06 00:00:00"
1049,411,"white bicycle",1,"2021-01-14 00:00:00"
1050,411,"orange rubber ducky",2,"2021-01-14 00:00:00"
1051,411,"white bicycle",2,"2021-01-14 00:00:00"
1052,412,"white ball",3,"2021-01-25 00:00:00"
1053,412,"pink train",1,"2021-01-25 00:00:00"
1054,412,"yellow teddy bear",3,"2021-01-25 00:00:00"
1055,413,"black car",1,"2021-01-17 00:00:00"
1056,413,"green kite",3,"2021-01-17 00:00:00"
1057,413,"orange bicycle",3,"2021-01-17 00:00:00"
1058,414,"yellow kite",1,"2021-01-12 00:00:00"
1059,415,"",2,"2021-01-06 00:00:00"
1060,415,"yellow rubber ducky",2,"2021-01-06 00:00:00"
1061,415,"pink crayons",1,"2021-01-06 00:00:00"
1062,415,"pink kite",1,"2021-01-06 00:00:00"
1063,416,"red train",2,"2021-01-25 00:00:00"
1064,417,"pink car",3,"2021-01-20 00:00:00"
1065,417,"black teddy bear",1,"2021-01-20 00:00:00"
1066,417,"orange ball",3,"2021-01-20 00:00:00"
1067,417,"green rocking horse",3,"2021-01-20 00:00:00"
1068,418,"green ball",3,"2021-01-07 00:00:00"
1069,418,"black kite",1,"2021-01-07 00:00:00"
1070,419,"orange car",2,"2021-01-07 00:00:00"
1071,420,"blue doll",3,"2021-01-11 00:00:00"
1072,420,"red bicycle",1,"2021-01-11 00:00:00"
1073,420,"white bicycle",3,"2021-01-11 00:00:00"
1074,421,"yellow doll",3,"2021-01-07 00:00:00"
1075,421,"orange rocking horse",3,"2021-01-07 00:00:00"
1076,421,"orange airplane",1,"2021-01-07 00:00:00"
1077,422,"green teddy bear",1,"2021-01-18 00:00:00"
1078,422,"green doll",1,"2021-01-18 00:00:00"
1079,422,"red doll",3,"2021-01-18 00:00:00"
1080,423,"",3,"2021-01-30 00:00:00"
1081,423,"orange kite",1,"2021-01-30 00:00:00"
1082,424,"blue teddy bear",3,"2021-01-28 00:00:00"
1083,425,"black car",3,"2021-01-20 00:00:00"
1084,425,"blue kite",1,"2021-01-20 00:00:00"
1085,425,"blue rubber ducky",1,"2021-01-20 00:00:00"
1086,425,"white car",1,"2021-01-20 00:00:00"
1087,426,"red teddy bear",2,"2021-01-06 00:00:00"
1088,427,"white doll",1,"2021-01-08 00:00:00"
1089,428,"white kite",1,"2021-01-03 00:00:00"
1090,428,"green rocking horse",3,"2021-01-03 00:00:00"
1091,428,"white car",3,"2021-01-03 00:00:00"
1092,428,"white airplane",3,"2021-01-03 00:00:00"
1093,429,"black bicycle",3,"2021-01-29 00:00:00"
1094,429,"blue airplane",2,"2021-01-29 00:00:00"
1095,430,"black rocking horse",2,"2021-01-10 00:00:00"
1096,430,"orange train",2,"2021-01-10 00:00:00"
1097,430,"yellow crayons",2,"2021-01-10 00:00:00"
1098,430,"green train",2,"2021-01-10 00:00:00"
1099,431,"white bicycle",2,"2021-01-21 00:00:00"
1100,431,"red airplane",2,"2021-01-21 00:00:00"
1101,432,"white crayons",3,"2021-01-11 00:00:00"
1102,432,"orange teddy bear",2,"2021-01-11 00:00:00"
1103,433,"pink doll",3,"2021-01-16 00:00:00"
1104,433,"blue rubber ducky",2,"2021-01-16 00:00:00"
1105,433,"orange bicycle",3,"2021-01-16 00:00:00"
1106,433,"yellow rocking horse",1,"2021-01-16 00:00:00"
1107,434,"orange car",2,"2021-01-25 00:00:00"
1108,434,"white teddy bear",3,"2021-01-25 00:00:00"
1109,435,"black rubber ducky",3,"2021-01-22 00:00:00"
1110,436,"white airplane",3,"2021-01-08 00:00:00"
1111,436,"white teddy bear",1,"2021-01-08 00:00:00"
1112,436,"yellow car",3,"2021-01-08 00:00:00"
1113,437,"yellow crayons",3,"2021-01-19 00:00:00"
1114,438,"pink crayons",2,"2021-01-31 00:00:00"
1115,439,"white rocking horse",2,"2021-01-24 00:00:00"
1116,439,"black crayons",2,"2021-01-24 00:00:00"
1117,439,"red rocking horse",2,"2021-01-24 00:00:00"
1118,440,"orange ball",2,"2021-01-15 00:00:00"
1119,440,"pink doll",3,"2021-01-15 00:00:00"
1120,440,"black train",1,"2021-01-15 00:00:00"
1121,440,"white car",1,"2021-01-15 00:00:00"
1122,441,"pink car",3,"2021-01-07 00:00:00"
1123,442,"orange bicycle",2,"2021-01-04 00:00:00"
1124,442,"blue kite",1,"2021-01-04 00:00:00"
1125,442,"black crayons",2,"2021-01-04 00:00:00"
1126,443,"yellow airplane",3,"2021-01-17 00:00:00"
1127,443,"green doll",2,"2021-01-17 00:00:00"
1128,444,"black crayons",3,"2021-01-24 00:00:00"
1129,444,"blue rocking horse",1,"2021-01-24 00:00:00"
1130,444,"green car",3,"2021-01-24 00:00:00"
1131,445,"yellow kite",1,"2021-01-29 00:00:00"
1132,445,"pink rocking horse",2,"2021-01-29 00:00:00"
1133,446,"",3,"2021-01-24 00:00:00"
1134,446,"orange crayons",1,"2021-01-24 00:00:00"
1135,447,"black ball",-1,"2021-01-30 00:00:00"
1136,448,"pink ball",1,"2021-01-08 00:00:00"
1137,448,"black train",1,"2021-01-08 00:00:00"
1138,449,"green ball",1,"2021-01-02 00:00:00"
1139,450,"blue crayons",2,"2021-01-09 00:00:00"
1140,450,"blue crayons",1,"2021-01-09 00:00:00"
1141,451,"blue airplane",1,"2021-01-13 00:00:00"
1142,452,"red ball",2,"2021-01-05 00:00:00"
1143,452,"green doll",2,"2021-01-05 00:00:00"
1144,453,"yellow rocking horse",1,"2021-01-14 00:00:00"
1145,454,"red airplane",1,"2021-01-20 00:00:00"
1146,454,"yellow airplane",1,"2021-01-20 00:00:00"
1147,454,"green car",3,"2021-01-20 00:00:00"
1148,455,"white rocking horse",1,"2021-01-08 00:00:00"
1149,455,"black teddy bear",1,"2021-01-08 00:00:00"
1150,455,"orange teddy bear",2,"2021-01-08 00:00:00"
1151,455,"",1,"2021-01-08 00:00:00"
1152,456,"yellow train",1,"2021-01-11 00:00:00"
1153,456,"red teddy bear",3,"2021-01-11 00:00:00"
1154,456,"orange train",1,"2021-01-11 00:00:00"
1155,457,"green teddy bear",2,"2021-01-30 00:00:00"
1156,457,"orange teddy bear",2,"2021-01-30 00:00:00"
1157,457,"blue teddy bear",1,"2021-01-30 00:00:00"
1158,458,"white crayons",2,"2021-01-05 00:00:00"
1159,458,"yellow kite",1,"2021-01-05 00:00:00"
1160,458,"yellow airplane",2,"2021-01-05 00:00:00"
1161,459,"black teddy bear",3,"2021-01-02 00:00:00"
1162,459,"orange ball",2,"2021-01-02 00:00:00"
1163,459,"green bicycle",2,"2021-01-02 00:00:00"
1164,460,"red bicycle",1,"2021-01-28 00:00:00"
1165,460,"red kite",1,"2021-01-28 00:00:00"
1166,460,"yellow ball",3,"2021-01-28 00:00:00"
1167,461,"yellow kite",2,"2021-01-15 00:00:00"
1168,461,"pink rocking horse",2,"2021-01-15 00:00:00"
1169,461,"orange bicycle",3,"2021-01-15 00:00:00"
1170,461,"orange train",1,"2021-01-15 00:00:00"
1171,462,"pink doll",1,"2021-01-11 00:00:00"
1172,462,"blue teddy bear",1,"2021-01-11 00:00:00"
1173,463,"yellow train",2,"2021-01-26 00:00:00"
1174,463,"",3,"2021-01-26 00:00:00"
1175,464,"pink bicycle",3,"2021-01-20 00:00:00"
1176,464,"red rubber ducky",1,"2021-01-20 00:00:00"
1177,464,"orange ball",1,"2021-01-20 00:00:00"
1178,464,"black rocking horse",2,"2021-01-20 00:00:00"
1179,465,"green car",1,"2021-01-14 00:00:00"
1180,465,"yellow doll",3,"2021-01-14 00:00:00"
1181,465,"black rubber ducky",1,"2021-01-14 00:00:00"
1182,465,"orange teddy bear",2,"2021-01-14 00:00:00"
1183,466,"green teddy bear",1,"2021-01-29 00:00:00"
1184,466,"red teddy bear",2,"2021-01-29 00:00:00"
1185,466,"yellow rocking horse",3,"2021-01-29 00:00:00"
1186,466,"yellow rocking horse",1,"2021-01-29 00:00:00"
1187,467,"green train",3,"2021-01-05 00:00:00"
1188,467,"yellow rocking horse",3,"2021-01-05 00:00:00"
1189,467,"",3,"2021-01-05 00:00:00"
1190,468,"black rocking horse",1,"2021-01-16 00:00:00"
1191,468,"blue crayons",2,"2021-01-16 00:00:00"
1192,469,"blue rubber ducky",1,"2021-01-31 00:00:00"
1193,469,"green kite",2,"2021-01-31 00:00:00"
1194,469,"black rocking horse",2,"2021-01-31 00:00:00"
1195,469,"blue airplane",1,"2021-01-31 00:00:00"
1196,470,"",3,"2021-01-24 00:00:00"
1197,470,"red kite",1,"2021-01-24 00:00:00"
1198,471,"yellow bicycle",1,"2021-01-31 00:00:00"
1199,471,"yellow teddy bear",2,"2021-01-31 00:00:00"
1200,472,"white train",1,"2021-01-06 00:00:00"
1201,472,"blue bicycle",1,"2021-01-06 00:00:00"
1202,473,"white airplane",1,"2021-01-11 00:00:00"
1203,473,"blue ball",1,"2021-01-11 00:00:00"
1204,474,"yellow car",3,"2021-01-05 00:00:00"
1205,475,"red ball",1,"2021-01-03 00:00:00"
1206,475,"black kite",1,"2021-01-03 00:00:00"
1207,475,"blue airplane",2,"2021-01-03 00:00:00"
1208,475,"orange rubber ducky",3,"2021-01-03 00:00:00"
1209,476,"yellow rubber ducky",3,"2021-01-29 00:00:00"
1210,476,"blue airplane",1,"2021-01-29 00:00:00"
1211,477,"white crayons",2,"2021-01-28 00:00:00"
1212,478,"black teddy bear",3,"2021-01-10 00:00:00"
1213,479,"green crayons",3,"2021-01-05 00:00:00"
1214,479,"black kite",2,"2021-01-05 00:00:00"
1215,480,"pink kite",1,"2021-01-30 00:00:00"
1216,480,"black crayons",3,"2021-01-30 00:00:00"
1217,480,"white airplane",2,"2021-01-30 00:00:00"
1218,480,"green rocking horse",3,"2021-01-30 00:00:00"
1219,481,"white kite",3,"2021-01-08 00:00:00"
1220,481,"black crayons",2,"2021-01-08 00:00:00"
1221,481,"white rocking horse",1,"2021-01-08 00:00:00"
1222,481,"green crayons",2,"2021-01-08 00:00:00"
1223,482,"pink ball",3,"2021-01-05 00:00:00"
1224,482,"white kite",2,"2021-01-05 00:00:00"
1225,482,"yellow crayons",2,"2021-01-05 00:00:00"
1226,483,"red kite",2,"2021-01-01 00:00:00"
1227,483,"white car",2,"2021-01-01 00:00:00"
1228,484,"white doll",1,"2021-01-01 00:00:00"
1229,484,"black rubber ducky",1,"2021-01-01 00:00:00"
1230,484,"white airplane",1,"2021-01-01 00:00:00"
1231,484,"white train",3,"2021-01-01 00:00:00"
1232,485,"yellow bicycle",1,"2021-01-16 00:00:00"
1233,485,"white airplane",3,"2021-01-16 00:00:00"
1234,485,"white car",2,"2021-01-16 00:00:00"
1235,486,"green car",2,"2021-01-04 00:00:00"
1236,486,"white car",2,"2021-01-04 00:00:00"
1237,486,"pink airplane",3,"2021-01-04 00:00:00"
1238,486,"white car",2,"2021-01-04 00:00:00"
1239,487,"yellow doll",2,"2021-01-28 00:00:00"
1240,488,"white ball",1,"2021-01-05 00:00:00"
1241,489,"pink doll",1,"2021-01-16 00:00:00"
1242,489,"red doll",2,"2021-01-16 00:00:00"
1243,490,"yellow kite",1,"2021-01-20 00:00:00"
1244,490,"orange rubber ducky",3,"2021-01-20 00:00:00"
1245,491,"blue car",2,"2021-01-14 00:00:00"
1246,491,"yellow ball",1,"2021-01-14 00:00:00"
1247,492,"yellow rocking horse",2,"2021-01-22 00:00:00"
1248,492,"white crayons",2,"2021-01-22 00:00:00"
1249,493,"white airplane",1,"2021-01-21 00:00:00"
1250,493,"green airplane",2,"2021-01-21 00:00:00"
1251,494,"yellow bicycle",3,"2021-01-25 00:00:00"
1252,494,"blue ball",2,"2021-01-25 00:00:00"
1253,494,"white car",1,"2021-01-25 00:00:00"
1254,494,"white doll",1,"2021-01-25 00:00:00"
1255,495,"pink ball",2,"2021-01-08 00:00:00"
1256,495,"green airplane",2,"2021-01-08 00:00:00"
1257,496,"red bicycle",1,"2021-01-20 00:00:00"
1258,497,"black train",1,"2021-01-03 00:00:00"
1259,497,"pink kite",2,"2021-01-03 00:00:00"
1260,497,"",3,"2021-01-03 00:00:00"
1261,497,"orange kite",3,"2021-01-03 00:00:00"
1262,498,"red car",2,"2021-01-07 00:00:00"
1263,498,"",2,"2021-01-07 00:00:00"
1264,499,"green rubber ducky",1,"2021-01-25 00:00:00"
1265,499,"pink crayons",2,"2021-01-25 00:00:00"
1266,499,"red crayons",3,"2021-01-25 00:00:00"
1267,500,"black rubber ducky",2,"2021-01-04 00:00:00"
1268,500,"yellow teddy bear",3,"2021-01-04 00:00:00"
1269,500,"black rocking horse",3,"2021-01-04 00:00:00"
1270,501,"white ball",3,"2021-01-04 00:00:00"
1271,501,"white bicycle",2,"2021-01-04 00:00:00"
1272,501,"green teddy bear",3,"2021-01-04 00:00:00"
1273,501,"yellow kite",3,"2021-01-04 00:00:00"
1274,502,"orange rocking horse",3,"2021-01-12 00:00:00"
1275,503,"white airplane",1,"2021-01-25 00:00:00"
1276,504,"red train",3,"2021-01-13 00:00:00"
1277,504,"pink car",2,"2021-01-13 00:00:00"
1278,504,"green airplane",1,"2021-01-13 00:00:00"
1279,504,"green car",3,"2021-01-13 00:00:00"
1280,505,"blue bicycle",1,"2021-01-26 00:00:00"
1281,505,"yellow car",2,"2021-01-26 00:00:00"
1282,506,"orange rocking horse",2,"2021-01-09 00:00:00"
1283,506,"black rubber ducky",2,"2021-01-09 00:00:00"
1284,507,"blue car",2,"2021-01-07 00:00:00"
1285,508,"orange ball",1,"2021-01-04 00:00:00"
1286,508,"orange rubber ducky",2,"2021-01-04 00:00:00"
1287,508,"black kite",2,"2021-01-04 00:00:00"
1288,508,"blue bicycle",2,"2021-01-04 00:00:00"
1289,509,"red crayons",1,"2021-01-07 00:00:00"
1290,509,"orange train",2,"2021-01-07 00:00:00"
1291,509,"yellow airplane",3,"2021-01-07 00:00:00"
1292,510,"white kite",2,"2021-01-28 00:00:00"
1293,510,"pink airplane",1,"2021-01-28 00:00:00"
1294,510,"orange bicycle",1,"2021-01-28 00:00:00"
1295,511,"",3,"2021-01-12 00:00:00"
1296,511,"pink doll",3,"2021-01-12 00:00:00"
1297,511,"pink bicycle",3,"2021-01-12 00:00:00"
1298,512,"red airplane",1,"2021-01-16 00:00:00"
1299,512,"white car",2,"2021-01-16 00:00:00"
1300,513,"red doll",2,"2021-01-12 00:00:00"
1301,513,"yellow ball",1,"2021-01-12 00:00:00"
1302,513,"",2,"2021-01-12 00:00:00"
1303,514,"green bicycle",1,"2021-01-28 00:00:00"
1304,514,"orange crayons",1,"2021-01-28 00:00:00"
1305,514,"red kite",3,"2021-01-28 00:00:00"
1306,515,"yellow bicycle",2,"2021-01-13 00:00:00"
1307,516,"black crayons",3,"2021-01-21 00:00:00"
1308,516,"white doll",1,"2021-01-21 00:00:00"
1309,516,"white train",3,"2021-01-21 00:00:00"
1310,517,"black ball",2,"2021-01-08 00:00:00"
1311,518,"blue airplane",2,"2021-01-09 00:00:00"
1312,518,"blue airplane",3,"2021-01-09 00:00:00"
1313,518,"pink ball",2,"2021-01-09 00:00:00"
1314,518,"blue crayons",1,"2021-01-09 00:00:00"
1315,519,"",3,"2021-01-03 00:00:00"
1316,520,"red airplane",2,"2021-01-26 00:00:00"
1317,521,"green rubber ducky",1,"2021-01-14 00:00:00"
1318,521,"pink car",1,"2021-01-14 00:00:00"
1319,522,"red kite",2,"2021-01-27 00:00:00"
1320,523,"",1,"2021-01-30 00:00:00"
1321,524,"red train",2,"2021-01-28 00:00:00"
1322,525,"black airplane",3,"2021-01-26 00:00:00"
1323,525,"",3,"2021-01-26 00:00:00"
1324,525,"pink rocking horse",3,"2021-01-26 00:00:00"
1325,525,"green doll",1,"2021-01-26 00:00:00"
1326,526,"white ball",3,"2021-01-28 00:00:00"
1327,526,"blue rubber ducky",2,"2021-01-28 00:00:00"
1328,526,"green airplane",1,"2021-01-28 00:00:00"
1329,527,"blue rocking horse",1,"2021-01-13 00:00:00"
1330,527,"black rubber ducky",3,"2021-01-13 00:00:00"
1331,527,"orange rubber ducky",-1,"2021-01-13 00:00:00"
1332,527,"yellow crayons",1,"2021-01-13 00:00:00"
1333,528,"black bicycle",3,"2021-01-31 00:00:00"
1334,528,"red doll",3,"2021-01-31 00:00:00"
1335,528,"orange rocking horse",2,"2021-01-31 00:00:00"
1336,529,"blue train",1,"2021-01-31 00:00:00"
1337,529,"yellow teddy bear",1,"2021-01-31 00:00:00"
1338,529,"white rubber ducky",3,"2021-01-31 00:00:00"
1339,529,"yellow bicycle",2,"2021-01-31 00:00:00"
1340,530,"green crayons",2,"2021-01-14 00:00:00"
1341,531,"red teddy bear",2,"2021-01-30 00:00:00"
1342,531,"red kite",2,"2021-01-30 00:00:00"
1343,531,"orange car",-1,"2021-01-30 00:00:00"
1344,531,"black rubber ducky",1,"2021-01-30 00:00:00"
1345,532,"red crayons",1,"2021-01-09 00:00:00"
1346,532,"blue crayons",3,"2021-01-09 00:00:00"
1347,532,"green train",3,"2021-01-09 00:00:00"
1348,532,"black doll",3,"2021-01-09 00:00:00"
1349,533,"yellow car",2,"2021-01-09 00:00:00"
1350,533,"white airplane",2,"2021-01-09 00:00:00"
1351,533,"red car",3,"2021-01-09 00:00:00"
1352,534,"red doll",1,"2021-01-29 00:00:00"
1353,534,"black car",1,"2021-01-29 00:00:00"
1354,535,"orange doll",1,"2021-01-19 00:00:00"
1355,535,"",2,"2021-01-19 00:00:00"
1356,535,"orange rubber ducky",3,"2021-01-19 00:00:00"
1357,536,"green bicycle",3,"2021-01-15 00:00:00"
1358,536,"white airplane",3,"2021-01-15 00:00:00"
1359,536,"white bicycle",3,"2021-01-15 00:00:00"
1360,537,"blue rocking horse",2,"2021-01-19 00:00:00"
1361,537,"",1,"2021-01-19 00:00:00"
1362,537,"red doll",1,"2021-01-19 00:00:00"
1363,537,"white rubber ducky",2,"2021-01-19 00:00:00"
1364,538,"red rocking horse",1,"2021-01-20 00:00:00"
1365,539,"black train",3,"2021-01-06 00:00:00"
1366,539,"black kite",3,"2021-01-06 00:00:00"
1367,539,"blue bicycle",2,"2021-01-06 00:00:00"
1368,540,"red kite",2,"2021-01-07 00:00:00"
1369,540,"yellow doll",2,"2021-01-07 00:00:00"
1370,541,"green doll",1,"2021-01-20 00:00:00"
1371,542,"green rubber ducky",1,"2021-01-14 00:00:00"
1372,542,"white airplane",1,"2021-01-14 00:00:00"
1373,543,"orange doll",1,"2021-01-27 00:00:00"
1374,543,"yellow rocking horse",2,"2021-01-27 00:00:00"
1375,543,"white teddy bear",1,"2021-01-27 00:00:00"
1376,544,"pink rubber ducky",1,"2021-01-24 00:00:00"
1377,544,"red bicycle",1,"2021-01-24 00:00:00"
1378,544,"yellow rubber ducky",1,"2021-01-24 00:00:00"
1379,544,"yellow ball",2,"2021-01-24 00:00:00"
1380,545,"yellow rocking horse",2,"2021-01-07 00:00:00"
1381,545,"yellow rocking horse",2,"2021-01-07 00:00:00"
1382,545,"yellow airplane",1,"2021-01-07 00:00:00"
1383,546,"blue rocking horse",3,"2021-01-04 00:00:00"
1384,546,"blue doll",2,"2021-01-04 00:00:00"
1385,547,"green rocking horse",2,"2021-01-04 00:00:00"
1386,547,"green doll",-1,"2021-01-04 00:00:00"
1387,547,"red kite",3,"2021-01-04 00:00:00"
1388,547,"red kite",2,"2021-01-04 00:00:00"
1389,548,"orange ball",1,"2021-01-28 00:00:00"
1390,548,"orange doll",3,"2021-01-28 00:00:00"
1391,548,"pink train",3,"2021-01-28 00:00:00"
1392,549,"red train",3,"2021-01-31 00:00:00"
1393,549,"white train",1,"2021-01-31 00:00:00"
1394,550,"green rubber ducky",1,"2021-01-05 00:00:00"
1395,550,"black teddy bear",2,"2021-01-05 00:00:00"
1396,551,"orange rubber ducky",2,"2021-01-05 00:00:00"
1397,551,"white teddy bear",2,"2021-01-05 00:00:00"
1398,551,"red ball",3,"2021-01-05 00:00:00"
1399,552,"black car",1,"2021-01-18 00:00:00"
1400,553,"blue crayons",2,"2021-01-04 00:00:00"
1401,553,"blue train",3,"2021-01-04 00:00:00"
1402,554,"pink kite",3,"2021-01-07 00:00:00"
1403,554,"black train",2,"2021-01-07 00:00:00"
1404,555,"orange airplane",2,"2021-01-04 00:00:00"
1405,555,"black airplane",2,"2021-01-04 00:00:00"
1406,555,"blue teddy bear",3,"2021-01-04 00:00:00"
1407,556,"orange kite",2,"2021-01-06 00:00:00"
1408,556,"black rubber ducky",2,"2021-01-06 00:00:00"
1409,557,"orange airplane",1,"2021-01-29 00:00:00"
1410,557,"red kite",1,"2021-01-29 00:00:00"
1411,557,"black car",2,"2021-01-29 00:00:00"
1412,557,"orange train",3,"2021-01-29 00:00:00"
1413,558,"yellow doll",2,"2021-01-12 00:00:00"
1414,558,"yellow train",3,"2021-01-12 00:00:00"
1415,558,"white car",3,"2021-01-12 00:00:00"
1416,559,"green airplane",3,"2021-01-25 00:00:00"
1417,559,"red crayons",1,"2021-01-25 00:00:00"
1418,559,"orange crayons",3,"2021-01-25 00:00:00"
1419,559,"green car",2,"2021-01-25 00:00:00"
1420,560,"yellow airplane",2,"2021-01-07 00:00:00"
1421,560,"black train",3,"2021-01-07 00:00:00"
1422,560,"black doll",3,"2021-01-07 00:00:00"
1423,560,"orange bicycle",2,"2021-01-07 00:00:00"
1424,561,"white airplane",1,"2021-01-02 00:00:00"
1425,562,"orange airplane",1,"2021-01-05 00:00:00"
1426,562,"green airplane",3,"2021-01-05 00:00:00"
1427,563,"pink bicycle",3,"2021-01-06 00:00:00"
1428,563,"yellow doll",1,"2021-01-06 00:00:00"
1429,564,"white airplane",3,"2021-01-21 00:00:00"
1430,564,"pink ball",2,"2021-01-21 00:00:00"
1431,565,"green airplane",1,"2021-01-24 00:00:00"
1432,565,"green car",3,"2021-01-24 00:00:00"
1433,565,"yellow bicycle",2,"2021-01-24 00:00:00"
1434,565,"red doll",3,"2021-01-24 00:00:00"
1435,566,"red crayons",3,"2021-01-28 00:00:00"
1436,566,"yellow teddy bear",3,"2021-01-28 00:00:00"
1437,567,"red rubber ducky",1,"2021-01-01 00:00:00"
1438,567,"pink airplane",1,"2021-01-01 00:00:00"
1439,568,"white bicycle",1,"2021-01-18 00:00:00"
1440,569,"pink car",1,"2021-01-27 00:00:00"
1441,569,"white car",3,"2021-01-27 00:00:00"
1442,569,"yellow crayons",1,"2021-01-27 00:00:00"
1443,570,"white crayons",1,"2021-01-20 00:00:00"
1444,571,"yellow rubber ducky",1,"2021-01-31 00:00:00"
1445,572,"blue rubber ducky",2,"2021-01-18 00:00:00"
1446,572,"yellow ball",2,"2021-01-18 00:00:00"
1447,573,"blue car",1,"2021-01-30 00:00:00"
1448,573,"white crayons",1,"2021-01-30 00:00:00"
1449,574,"black crayons",3,"2021-01-05 00:00:00"
1450,575,"white rocking horse",1,"2021-01-31 00:00:00"
1451,575,"green teddy bear",1,"2021-01-31 00:00:00"
1452,575,"orange airplane",3,"2021-01-31 00:00:00"
1453,576,"black rubber ducky",2,"2021-01-10 00:00:00"
1454,576,"red ball",1,"2021-01-10 00:00:00"
1455,576,"white car",2,"2021-01-10 00:00:00"
1456,576,"orange car",1,"2021-01-10 00:00:00"
1457,577,"red rocking horse",1,"2021-01-12 00:00:00"
1458,578,"white kite",2,"2021-01-09 00:00:00"
1459,578,"green ball",1,"2021-01-09 00:00:00"
1460,579,"red kite",1,"2021-01-14 00:00:00"
1461,579,"black train",3,"2021-01-14 00:00:00"
1462,579,"blue airplane",2,"2021-01-14 00:00:00"
1463,579,"pink kite",3,"2021-01-14 00:00:00"
1464,580,"orange train",2,"2021-01-11 00:00:00"
1465,581,"black bicycle",3,"2021-01-29 00:00:00"
1466,581,"blue kite",1,"2021-01-29 00:00:00"
1467,581,"yellow kite",2,"2021-01-29 00:00:00"
1468,582,"red teddy bear",2,"2021-01-18 00:00:00"
1469,582,"pink doll",3,"2021-01-18 00:00:00"
1470,582,"yellow bicycle",3,"2021-01-18 00:00:00"
1471,583,"black rocking horse",2,"2021-01-25 00:00:00"
1472,583,"black crayons",3,"2021-01-25 00:00:00"
1473,584,"black ball",2,"2021-01-09 00:00:00"
1474,584,"pink teddy bear",3,"2021-01-09 00:00:00"
1475,584,"orange crayons",-1,"2021-01-09 00:00:00"
1476,584,"yellow airplane",3,"2021-01-09 00:00:00"
1477,585,"green bicycle",1,"2021-01-25 00:00:00"
1478,585,"green train",2,"2021-01-25 00:00:00"
1479,586,"white car",3,"2021-01-26 00:00:00"
1480,586,"orange rocking horse",2,"2021-01-26 00:00:00"
1481,586,"green rocking horse",1,"2021-01-26 00:00:00"
1482,587,"yellow crayons",2,"2021-01-05 00:00:00"
1483,587,"pink rocking horse",3,"2021-01-05 00:00:00"
1484,587,"yellow crayons",1,"2021-01-05 00:00:00"
1485,587,"",3,"2021-01-05 00:00:00"
1486,588,"pink airplane",2,"2021-01-12 00:00:00"
1487,588,"red car",2,"2021-01-12 00:00:00"
1488,588,"black doll",1,"2021-01-12 00:00:00"
1489,588,"green crayons",2,"2021-01-12 00:00:00"
1490,589,"black ball",3,"2021-01-25 00:00:00"
1491,589,"white rubber ducky",2,"2021-01-25 00:00:00"
1492,589,"blue airplane",1,"2021-01-25 00:00:00"
1493,589,"black teddy bear",2,"2021-01-25 00:00:00"
1494,590,"pink crayons",1,"2021-01-07 00:00:00"
1495,591,"blue rubber ducky",1,"2021-01-05 00:00:00"
1496,591,"yellow bicycle",3,"2021-01-05 00:00:00"
1497,591,"black kite",3,"2021-01-05 00:00:00"
1498,591,"white doll",2,"2021-01-05 00:00:00"
1499,592,"pink car",2,"2021-01-21 00:00:00"
1500,592,"black rubber ducky",2,"2021-01-21 00:00:00"
1501,592,"white bicycle",3,"2021-01-21 00:00:00"
1502,593,"green airplane",2,"2021-01-06 00:00:00"
1503,593,"yellow bicycle",3,"2021-01-06 00:00:00"
1504,594,"black train",3,"2021-01-04 00:00:00"
1505,594,"orange bicycle",2,"2021-01-04 00:00:00"
1506,595,"red teddy bear",2,"2021-01-26 00:00:00"
1507,595,"pink bicycle",3,"2021-01-26 00:00:00"
1508,595,"pink airplane",3,"2021-01-26 00:00:00"
1509,595,"white kite",2,"2021-01-26 00:00:00"
1510,596,"white ball",2,"2021-01-18 00:00:00"
1511,596,"black ball",2,"2021-01-18 00:00:00"
1512,596,"green airplane",2,"2021-01-18 00:00:00"
1513,597,"black airplane",2,"2021-01-29 00:00:00"
1514,597,"orange doll",3,"2021-01-29 00:00:00"
1515,597,"yellow kite",2,"2021-01-29 00:00:00"
1516,598,"orange train",1,"2021-01-07 00:00:00"
1517,599,"pink bicycle",3,"2021-01-05 00:00:00"
1518,599,"yellow ball",3,"2021-01-05 00:00:00"
1519,600,"green bicycle",3,"2021-01-14 00:00:00"
1520,600,"yellow kite",2,"2021-01-14 00:00:00"
1521,600,"red ball",3,"2021-01-14 00:00:00"
1522,600,"green doll",3,"2021-01-14 00:00:00"
1523,601,"pink rubber ducky",1,"2021-01-07 00:00:00"
1524,601,"yellow bicycle",-1,"2021-01-07 00:00:00"
1525,602,"yellow ball",1,"2021-01-26 00:00:00"
1526,602,"orange teddy bear",3,"2021-01-26 00:00:00"
1527,603,"yellow train",2,"2021-01-27 00:00:00"
1528,604,"blue kite",1,"2021-01-29 00:00:00"
1529,604,"orange ball",1,"2021-01-29 00:00:00"
1530,604,"white rubber ducky",2,"2021-01-29 00:00:00"
1531,604,"white bicycle",3,"2021-01-29 00:00:00"
1532,605,"green ball",1,"2021-01-18 00:00:00"
1533,605,"white rocking horse",2,"2021-01-18 00:00:00"
1534,606,"yellow crayons",1,"2021-01-13 00:00:00"
1535,606,"red doll",3,"2021-01-13 00:00:00"
1536,606,"orange car",3,"2021-01-13 00:00:00"
1537,606,"orange doll",1,"2021-01-13 00:00:00"
1538,607,"green rubber ducky",1,"2021-01-12 00:00:00"
1539,607,"red car",1,"2021-01-12 00:00:00"
1540,608,"black bicycle",1,"2021-01-19 00:00:00"
1541,608,"green train",2,"2021-01-19 00:00:00"
1542,609,"blue train",2,"2021-01-03 00:00:00"
1543,609,"orange doll",2,"2021-01-03 00:00:00"
1544,610,"pink teddy bear",2,"2021-01-14 00:00:00"
1545,610,"blue teddy bear",3,"2021-01-14 00:00:00"
1546,610,"pink teddy bear",1,"2021-01-14 00:00:00"
1547,611,"pink bicycle",2,"2021-01-12 00:00:00"
1548,612,"black car",3,"2021-01-04 00:00:00"
1549,613,"black car",3,"2021-01-26 00:00:00"
1550,614,"green airplane",3,"2021-01-31 00:00:00"
1551,614,"red teddy bear",2,"2021-01-31 00:00:00"
1552,614,"yellow car",3,"2021-01-31 00:00:00"
1553,614,"yellow teddy bear",1,"2021-01-31 00:00:00"
1554,615,"white ball",1,"2021-01-10 00:00:00"
1555,616,"black doll",2,"2021-01-13 00:00:00"
1556,616,"blue ball",1,"2021-01-13 00:00:00"
1557,616,"red doll",2,"2021-01-13 00:00:00"
1558,616,"pink ball",1,"2021-01-13 00:00:00"
1559,617,"orange bicycle",3,"2021-01-06 00:00:00"
1560,618,"white train",1,"2021-01-01 00:00:00"
1561,619,"blue kite",2,"2021-01-28 00:00:00"
1562,619,"green bicycle",3,"2021-01-28 00:00:00"
1563,619,"pink bicycle",2,"2021-01-28 00:00:00"
1564,619,"red rocking horse",1,"2021-01-28 00:00:00"
1565,620,"orange kite",1,"2021-01-10 00:00:00"
1566,620,"red doll",2,"2021-01-10 00:00:00"
1567,621,"white bicycle",3,"2021-01-11 00:00:00"
1568,621,"yellow ball",3,"2021-01-11 00:00:00"
1569,621,"blue train",2,"2021-01-11 00:00:00"
1570,621,"white crayons",1,"2021-01-11 00:00:00"
1571,622,"red kite",2,"2021-01-13 00:00:00"
1572,622,"yellow airplane",2,"2021-01-13 00:00:00"
1573,622,"orange rocking horse",2,"2021-01-13 00:00:00"
1574,622,"orange doll",1,"2021-01-13 00:00:00"
1575,623,"white doll",3,"2021-01-05 00:00:00"
1576,623,"green airplane",1,"2021-01-05 00:00:00"
1577,623,"yellow ball",2,"2021-01-05 00:00:00"
1578,623,"white rocking horse",1,"2021-01-05 00:00:00"
1579,624,"black airplane",2,"2021-01-15 00:00:00"
1580,625,"black airplane",3,"2021-01-21 00:00:00"
1581,625,"green teddy bear",1,"2021-01-21 00:00:00"
1582,625,"blue teddy bear",3,"2021-01-21 00:00:00"
1583,626,"black crayons",3,"2021-01-18 00:00:00"
1584,626,"orange rocking horse",1,"2021-01-18 00:00:00"
1585,627,"white teddy bear",1,"2021-01-15 00:00:00"
1586,627,"black bicycle",3,"2021-01-15 00:00:00"
1587,627,"orange car",2,"2021-01-15 00:00:00"
1588,627,"yellow teddy bear",3,"2021-01-15 00:00:00"
1589,628,"blue crayons",1,"2021-01-08 00:00:00"
1590,628,"white kite",1,"2021-01-08 00:00:00"
1591,629,"black train",1,"2021-01-20 00:00:00"
1592,629,"blue rubber ducky",2,"2021-01-20 00:00:00"
1593,630,"black rubber ducky",1,"2021-01-11 00:00:00"
1594,630,"black rocking horse",2,"2021-01-11 00:00:00"
1595,631,"blue teddy bear",1,"2021-01-10 00:00:00"
1596,631,"red rocking horse",1,"2021-01-10 00:00:00"
1597,631,"yellow bicycle",1,"2021-01-10 00:00:00"
1598,631,"black train",2,"2021-01-10 00:00:00"
1599,632,"green car",-1,"2021-01-11 00:00:00"
1600,633,"white train",1,"2021-01-20 00:00:00"
1601,633,"black crayons",3,"2021-01-20 00:00:00"
1602,633,"red rubber ducky",3,"2021-01-20 00:00:00"
1603,633,"black rocking horse",3,"2021-01-20 00:00:00"
1604,634,"green crayons",3,"2021-01-19 00:00:00"
1605,634,"green doll",3,"2021-01-19 00:00:00"
1606,635,"red teddy bear",1,"2021-01-24 00:00:00"
1607,635,"white doll",3,"2021-01-24 00:00:00"
1608,635,"orange kite",1,"2021-01-24 00:00:00"
1609,636,"red rocking horse",2,"2021-01-01 00:00:00"
1610,636,"green kite",2,"2021-01-01 00:00:00"
1611,637,"blue rubber ducky",1,"2021-01-04 00:00:00"
1612,637,"white doll",1,"2021-01-04 00:00:00"
1613,638,"white airplane",2,"2021-01-12 00:00:00"
1614,638,"pink train",3,"2021-01-12 00:00:00"
1615,638,"white bicycle",1,"2021-01-12 00:00:00"
1616,639,"blue crayons",1,"2021-01-30 00:00:00"
1617,639,"white bicycle",2,"2021-01-30 00:00:00"
1618,639,"orange crayons",1,"2021-01-30 00:00:00"
1619,639,"green crayons",1,"2021-01-30 00:00:00"
1620,640,"white doll",2,"2021-01-26 00:00:00"
1621,640,"blue doll",1,"2021-01-26 00:00:00"
1622,641,"yellow airplane",2,"2021-01-12 00:00:00"
1623,642,"",2,"2021-01-19 00:00:00"
1624,643,"blue ball",2,"2021-01-27 00:00:00"
1625,643,"black teddy bear",2,"2021-01-27 00:00:00"
1626,643,"blue train",3,"2021-01-27 00:00:00"
1627,643,"white rubber ducky",3,"2021-01-27 00:00:00"
1628,644,"blue teddy bear",2,"2021-01-30 00:00:00"
1629,644,"pink car",1,"2021-01-30 00:00:00"
1630,644,"white kite",2,"2021-01-30 00:00:00"
1631,645,"blue train",3,"2021-01-15 00:00:00"
1632,645,"blue crayons",3,"2021-01-15 00:00:00"
1633,645,"white train",1,"2021-01-15 00:00:00"
1634,646,"pink ball",1,"2021-01-15 00:00:00"
1635,646,"yellow rubber ducky",3,"2021-01-15 00:00:00"
1636,646,"orange crayons",1,"2021-01-15 00:00:00"
1637,647,"",1,"2021-01-02 00:00:00"
1638,647,"",2,"2021-01-02 00:00:00"
1639,647,"pink bicycle",2,"2021-01-02 00:00:00"
1640,648,"orange crayons",1,"2021-01-06 00:00:00"
1641,649,"green rubber ducky",3,"2021-01-15 00:00:00"
1642,649,"yellow teddy bear",2,"2021-01-15 00:00:00"
1643,650,"orange crayons",3,"2021-01-16 00:00:00"
1644,650,"green doll",2,"2021-01-16 00:00:00"
1645,651,"green car",3,"2021-01-03 00:00:00"
1646,651,"blue bicycle",1,"2021-01-03 00:00:00"
1647,651,"green train",2,"2021-01-03 00:00:00"
1648,652,"orange bicycle",3,"2021-01-11 00:00:00"
1649,652,"green ball",1,"2021-01-11 00:00:00"
1650,652,"green airplane",3,"2021-01-11 00:00:00"
1651,653,"green kite",3,"2021-01-28 00:00:00"
1652,653,"black rocking horse",3,"2021-01-28 00:00:00"
1653,653,"white airplane",2,"2021-01-28 00:00:00"
1654,653,"pink rubber ducky",1,"2021-01-28 00:00:00"
1655,654,"black rubber ducky",2,"2021-01-21 00:00:00"
1656,654,"orange car",3,"2021-01-21 00:00:00"
1657,654,"white teddy bear",1,"2021-01-21 00:00:00"
1658,654,"black crayons",1,"2021-01-21 00:00:00"
1659,655,"red airplane",2,"2021-01-28 00:00:00"
1660,655,"red ball",2,"2021-01-28 00:00:00"
1661,655,"green car",2,"2021-01-28 00:00:00"
1662,655,"green airplane",1,"2021-01-28 00:00:00"
1663,656,"green car",1,"2021-01-26 00:00:00"
1664,656,"blue teddy bear",2,"2021-01-26 00:00:00"
1665,656,"green airplane",3,"2021-01-26 00:00:00"
1666,656,"pink train",1,"2021-01-26 00:00:00"
1667,657,"pink bicycle",1,"2021-01-02 00:00:00"
1668,657,"red airplane",3,"2021-01-02 00:00:00"
1669,657,"yellow rubber ducky",3,"2021-01-02 00:00:00"
1670,658,"green car",1,"2021-01-08 00:00:00"
1671,659,"yellow doll",3,"2021-01-06 00:00:00"
1672,659,"green ball",1,"2021-01-06 00:00:00"
1673,659,"white bicycle",3,"2021-01-06 00:00:00"
1674,660,"yellow train",1,"2021-01-04 00:00:00"
1675,660,"black bicycle",2,"2021-01-04 00:00:00"
1676,660,"green car",1,"2021-01-04 00:00:00"
1677,660,"black car",2,"2021-01-04 00:00:00"
1678,661,"black rocking horse",2,"2021-01-26 00:00:00"
1679,661,"orange rubber ducky",3,"2021-01-26 00:00:00"
1680,661,"orange car",2,"2021-01-26 00:00:00"
1681,661,"pink teddy bear",3,"2021-01-26 00:00:00"
1682,662,"black kite",3,"2021-01-02 00:00:00"
1683,662,"pink airplane",3,"2021-01-02 00:00:00"
1684,662,"red kite",1,"2021-01-02 00:00:00"
1685,662,"black train",3,"2021-01-02 00:00:00"
1686,663,"yellow airplane",2,"2021-01-18 00:00:00"
1687,663,"black train",1,"2021-01-18 00:00:00"
1688,664,"yellow ball",2,"2021-01-14 00:00:00"
1689,664,"",2,"2021-01-14 00:00:00"
1690,664,"yellow crayons",3,"2021-01-14 00:00:00"
1691,664,"blue bicycle",2,"2021-01-14 00:00:00"
1692,665,"black airplane",3,"2021-01-26 00:00:00"
1693,665,"orange train",2,"2021-01-26 00:00:00"
1694,665,"red doll",1,"2021-01-26 00:00:00"
1695,666,"blue car",1,"2021-01-03 00:00:00"
1696,666,"yellow crayons",2,"2021-01-03 00:00:00"
1697,667,"orange crayons",3,"2021-01-04 00:00:00"
1698,667,"green train",2,"2021-01-04 00:00:00"
1699,668,"yellow doll",2,"2021-01-07 00:00:00"
1700,668,"red ball",2,"2021-01-07 00:00:00"
1701,669,"yellow bicycle",2,"2021-01-04 00:00:00"
1702,669,"red train",1,"2021-01-04 00:00:00"
1703,670,"green crayons",2,"2021-01-16 00:00:00"
1704,670,"yellow doll",2,"2021-01-16 00:00:00"
1705,670,"yellow train",2,"2021-01-16 00:00:00"
1706,670,"yellow bicycle",1,"2021-01-16 00:00:00"
1707,671,"orange rubber ducky",3,"2021-01-19 00:00:00"
1708,671,"white bicycle",3,"2021-01-19 00:00:00"
1709,672,"red rocking horse",2,"2021-01-03 00:00:00"
1710,672,"",3,"2021-01-03 00:00:00"
1711,673,"green ball",3,"2021-01-31 00:00:00"
1712,673,"green rocking horse",1,"2021-01-31 00:00:00"
1713,674,"yellow rocking horse",2,"2021-01-28 00:00:00"
1714,674,"pink train",1,"2021-01-28 00:00:00"
1715,674,"blue rubber ducky",2,"2021-01-28 00:00:00"
1716,675,"white ball",1,"2021-01-28 00:00:00"
1717,675,"blue bicycle",1,"2021-01-28 00:00:00"
1718,675,"blue rocking horse",1,"2021-01-28 00:00:00"
1719,675,"red airplane",2,"2021-01-28 00:00:00"
1720,676,"orange airplane",3,"2021-01-19 00:00:00"
1721,676,"orange train",3,"2021-01-19 00:00:00"
1722,676,"black teddy bear",3,"2021-01-19 00:00:00"
1723,676,"black kite",2,"2021-01-19 00:00:00"
1724,677,"yellow airplane",3,"2021-01-05 00:00:00"
1725,678,"orange doll",3,"2021-01-06 00:00:00"
1726,678,"",1,"2021-01-06 00:00:00"
1727,678,"yellow ball",1,"2021-01-06 00:00:00"
1728,678,"orange crayons",3,"2021-01-06 00:00:00"
1729,679,"yellow doll",2,"2021-01-28 00:00:00"
1730,679,"green airplane",2,"2021-01-28 00:00:00"
1731,680,"red rubber ducky",1,"2021-01-16 00:00:00"
1732,680,"white train",2,"2021-01-16 00:00:00"
1733,680,"yellow car",3,"2021-01-16 00:00:00"
1734,680,"yellow teddy bear",1,"2021-01-16 00:00:00"
1735,681,"orange airplane",3,"2021-01-15 00:00:00"
1736,682,"pink bicycle",1,"2021-01-22 00:00:00"
1737,683,"red teddy bear",3,"2021-01-26 00:00:00"
1738,683,"orange bicycle",2,"2021-01-26 00:00:00"
1739,683,"green teddy bear",2,"2021-01-26 00:00:00"
1740,683,"red kite",3,"2021-01-26 00:00:00"
1741,684,"black airplane",1,"2021-01-22 00:00:00"
1742,684,"blue rocking horse",3,"2021-01-22 00:00:00"
1743,684,"blue train",1,"2021-01-22 00:00:00"
1744,684,"yellow kite",2,"2021-01-22 00:00:00"
1745,685,"blue bicycle",3,"2021-01-16 00:00:00"
1746,685,"green bicycle",2,"2021-01-16 00:00:00"
1747,686,"white rocking horse",3,"2021-01-07 00:00:00"
1748,687,"white crayons",1,"2021-01-02 00:00:00"
1749,687,"blue ball",2,"2021-01-02 00:00:00"
1750,687,"green airplane",2,"2021-01-02 00:00:00"
1751,687,"black rubber ducky",2,"2021-01-02 00:00:00"
1752,688,"blue ball",1,"2021-01-26 00:00:00"
1753,688,"pink train",2,"2021-01-26 00:00:00"
1754,688,"yellow airplane",1,"2021-01-26 00:00:00"
1755,689,"green teddy bear",3,"2021-01-03 00:00:00"
1756,690,"green kite",1,"2021-01-22 00:00:00"
1757,691,"orange rocking horse",2,"2021-01-07 00:00:00"
1758,691,"orange car",2,"2021-01-07 00:00:00"
1759,691,"yellow rubber ducky",3,"2021-01-07 00:00:00"
1760,691,"white car",1,"2021-01-07 00:00:00"
1761,692,"pink doll",2,"2021-01-01 00:00:00"
1762,692,"black teddy bear",1,"2021-01-01 00:00:00"
1763,692,"",2,"2021-01-01 00:00:00"
1764,693,"orange kite",1,"2021-01-09 00:00:00"
1765,693,"white ball",3,"2021-01-09 00:00:00"
1766,693,"red kite",1,"2021-01-09 00:00:00"
1767,693,"red ball",1,"2021-01-09 00:00:00"
1768,694,"yellow train",1,"2021-01-09 00:00:00"
1769,695,"orange bicycle",3,"2021-01-11 00:00:00"
1770,696,"black bicycle",1,"2021-01-31 00:00:00"
1771,696,"blue airplane",1,"2021-01-31 00:00:00"
1772,696,"red rubber ducky",3,"2021-01-31 00:00:00"
1773,697,"blue doll",2,"2021-01-08 00:00:00"
1774,698,"green doll",3,"2021-01-25 00:00:00"
1775,698,"pink kite",3,"2021-01-25 00:00:00"
1776,698,"yellow teddy bear",3,"2021-01-25 00:00:00"
1777,698,"white train",3,"2021-01-25 00:00:00"
1778,699,"green crayons",3,"2021-01-22 00:00:00"
1779,700,"orange bicycle",1,"2021-01-28 00:00:00"
1780,700,"black airplane",1,"2021-01-28 00:00:00"
1781,700,"black car",2,"2021-01-28 00:00:00"
1782,700,"red crayons",3,"2021-01-28 00:00:00"
1783,701,"orange crayons",1,"2021-01-02 00:00:00"
1784,701,"pink teddy bear",1,"2021-01-02 00:00:00"
1785,701,"white bicycle",1,"2021-01-02 00:00:00"
1786,702,"white crayons",2,"2021-01-30 00:00:00"
1787,702,"white bicycle",1,"2021-01-30 00:00:00"
1788,702,"orange doll",1,"2021-01-30 00:00:00"
1789,702,"pink teddy bear",1,"2021-01-30 00:00:00"
1790,703,"orange airplane",2,"2021-01-08 00:00:00"
1791,703,"black kite",1,"2021-01-08 00:00:00"
1792,703,"orange doll",1,"2021-01-08 00:00:00"
1793,703,"pink teddy bear",1,"2021-01-08 00:00:00"
1794,704,"pink car",3,"2021-01-06 00:00:00"
1795,704,"white rocking horse",2,"2021-01-06 00:00:00"
1796,704,"yellow rocking horse",1,"2021-01-06 00:00:00"
1797,704,"blue teddy bear",3,"2021-01-06 00:00:00"
1798,705,"green crayons",2,"2021-01-07 00:00:00"
1799,705,"green bicycle",3,"2021-01-07 00:00:00"
1800,705,"pink bicycle",2,"2021-01-07 00:00:00"
1801,706,"black airplane",1,"2021-01-25 00:00:00"
1802,706,"green bicycle",2,"2021-01-25 00:00:00"
1803,706,"white airplane",3,"2021-01-25 00:00:00"
1804,707,"green rocking horse",3,"2021-01-14 00:00:00"
1805,708,"black car",1,"2021-01-15 00:00:00"
1806,708,"blue rubber ducky",1,"2021-01-15 00:00:00"
1807,708,"pink rubber ducky",1,"2021-01-15 00:00:00"
1808,709,"red rubber ducky",2,"2021-01-15 00:00:00"
1809,709,"black airplane",1,"2021-01-15 00:00:00"
1810,709,"white rubber ducky",3,"2021-01-15 00:00:00"
1811,709,"orange ball",1,"2021-01-15 00:00:00"
1812,710,"blue train",1,"2021-01-02 00:00:00"
1813,711,"yellow train",2,"2021-01-14 00:00:00"
1814,711,"pink bicycle",1,"2021-01-14 00:00:00"
1815,711,"pink crayons",-1,"2021-01-14 00:00:00"
1816,712,"yellow teddy bear",2,"2021-01-30 00:00:00"
1817,712,"blue airplane",2,"2021-01-30 00:00:00"
1818,712,"pink ball",1,"2021-01-30 00:00:00"
1819,713,"blue rocking horse",2,"2021-01-28 00:00:00"
1820,713,"white train",3,"2021-01-28 00:00:00"
1821,713,"",1,"2021-01-28 00:00:00"
1822,714,"black crayons",2,"2021-01-20 00:00:00"
1823,714,"orange ball",3,"2021-01-20 00:00:00"
1824,714,"yellow kite",1,"2021-01-20 00:00:00"
1825,714,"orange kite",3,"2021-01-20 00:00:00"
1826,715,"white crayons",1,"2021-01-01 00:00:00"
1827,715,"yellow teddy bear",2,"2021-01-01 00:00:00"
1828,715,"green rocking horse",-1,"2021-01-01 00:00:00"
1829,716,"red teddy bear",3,"2021-01-24 00:00:00"
1830,716,"yellow ball",1,"2021-01-24 00:00:00"
1831,716,"white ball",2,"2021-01-24 00:00:00"
1832,717,"red teddy bear",3,"2021-01-10 00:00:00"
1833,717,"yellow bicycle",3,"2021-01-10 00:00:00"
1834,718,"",3,"2021-01-22 00:00:00"
1835,718,"green crayons",1,"2021-01-22 00:00:00"
1836,718,"red teddy bear",1,"2021-01-22 00:00:00"
1837,719,"green train",1,"2021-01-17 00:00:00"
1838,719,"red doll",2,"2021-01-17 00:00:00"
1839,720,"yellow ball",3,"2021-01-20 00:00:00"
1840,721,"yellow doll",2,"2021-01-19 00:00:00"
1841,721,"green car",1,"2021-01-19 00:00:00"
1842,721,"pink car",1,"2021-01-19 00:00:00"
1843,722,"pink rubber ducky",1,"2021-01-06 00:00:00"
1844,723,"black crayons",2,"2021-01-08 00:00:00"
1845,723,"orange car",2,"2021-01-08 00:00:00"
1846,724,"black teddy bear",1,"2021-01-18 00:00:00"
1847,724,"red crayons",2,"2021-01-18 00:00:00"
1848,725,"pink crayons",3,"2021-01-25 00:00:00"
1849,725,"green train",2,"2021-01-25 00:00:00"
1850,725,"orange train",2,"2021-01-25 00:00:00"
1851,725,"pink train",1,"2021-01-25 00:00:00"
1852,726,"pink doll",1,"2021-01-29 00:00:00"
1853,726,"green rubber ducky",-1,"2021-01-29 00:00:00"
1854,726,"orange ball",1,"2021-01-29 00:00:00"
1855,726,"black ball",3,"2021-01-29 00:00:00"
1856,727,"orange kite",2,"2021-01-24 00:00:00"
1857,727,"red rubber ducky",1,"2021-01-24 00:00:00"
1858,728,"green rubber ducky",3,"2021-01-01 00:00:00"
1859,729,"black bicycle",3,"2021-01-18 00:00:00"
1860,729,"orange ball",1,"2021-01-18 00:00:00"
1861,729,"pink car",3,"2021-01-18 00:00:00"
1862,729,"green kite",2,"2021-01-18 00:00:00"
1863,730,"pink doll",2,"2021-01-16 00:00:00"
1864,730,"orange rocking horse",3,"2021-01-16 00:00:00"
1865,730,"yellow rocking horse",2,"2021-01-16 00:00:00"
1866,730,"red teddy bear",3,"2021-01-16 00:00:00"
1867,731,"red teddy bear",1,"2021-01-06 00:00:00"
1868,732,"white rocking horse",2,"2021-01-31 00:00:00"
1869,732,"pink bicycle",3,"2021-01-31 00:00:00"
1870,733,"yellow kite",1,"2021-01-13 00:00:00"
1871,733,"white teddy bear",2,"2021-01-13 00:00:00"
1872,734,"green ball",3,"2021-01-24 00:00:00"
1873,735,"pink car",1,"2021-01-05 00:00:00"
1874,735,"yellow car",3,"2021-01-05 00:00:00"
1875,735,"red rocking horse",1,"2021-01-05 00:00:00"
1876,736,"blue train",3,"2021-01-25 00:00:00"
1877,736,"green airplane",1,"2021-01-25 00:00:00"
1878,736,"orange bicycle",3,"2021-01-25 00:00:00"
1879,737,"orange doll",2,"2021-01-05 00:00:00"
1880,738,"white rubber ducky",3,"2021-01-06 00:00:00"
1881,739,"orange teddy bear",3,"2021-01-10 00:00:00"
1882,739,"orange kite",2,"2021-01-10 00:00:00"
1883,740,"blue teddy bear",1,"2021-01-14 00:00:00"
1884,740,"",2,"2021-01-14 00:00:00"
1885,740,"red rocking horse",2,"2021-01-14 00:00:00"
1886,741,"green kite",1,"2021-01-09 00:00:00"
1887,741,"pink kite",2,"2021-01-09 00:00:00"
1888,742,"black kite",3,"2021-01-17 00:00:00"
1889,742,"pink teddy bear",2,"2021-01-17 00:00:00"
1890,743,"white rubber ducky",1,"2021-01-30 00:00:00"
1891,743,"orange doll",1,"2021-01-30 00:00:00"
1892,743,"green kite",2,"2021-01-30 00:00:00"
1893,743,"pink airplane",1,"2021-01-30 00:00:00"
1894,744,"black train",3,"2021-01-10 00:00:00"
1895,745,"black rocking horse",2,"2021-01-04 00:00:00"
1896,746,"white doll",1,"2021-01-19 00:00:00"
1897,746,"orange teddy bear",2,"2021-01-19 00:00:00"
1898,746,"blue crayons",3,"2021-01-19 00:00:00"
1899,747,"black train",3,"2021-01-20 00:00:00"
1900,747,"black airplane",3,"2021-01-20 00:00:00"
1901,747,"pink airplane",3,"2021-01-20 00:00:00"
1902,748,"green rubber ducky",1,"2021-01-15 00:00:00"
1903,748,"green bicycle",2,"2021-01-15 00:00:00"
1904,748,"white train",1,"2021-01-15 00:00:00"
1905,749,"black train",3,"2021-01-08 00:00:00"
1906,750,"pink car",1,"2021-01-04 00:00:00"
1907,750,"red kite",2,"2021-01-04 00:00:00"
1908,750,"yellow rocking horse",3,"2021-01-04 00:00:00"
1909,750,"green car",2,"2021-01-04 00:00:00"
1910,751,"blue doll",2,"2021-01-10 00:00:00"
1911,751,"black train",1,"2021-01-10 00:00:00"
1912,751,"green bicycle",3,"2021-01-10 00:00:00"
1913,751,"red airplane",3,"2021-01-10 00:00:00"
1914,752,"white crayons",3,"2021-01-06 00:00:00"
1915,752,"black ball",2,"2021-01-06 00:00:00"
1916,752,"blue doll",3,"2021-01-06 00:00:00"
1917,753,"white bicycle",2,"2021-01-14 00:00:00"
1918,753,"",3,"2021-01-14 00:00:00"
1919,754,"red teddy bear",1,"2021-01-18 00:00:00"
1920,754,"orange doll",2,"2021-01-18 00:00:00"
1921,754,"green ball",2,"2021-01-18 00:00:00"
1922,755,"white ball",1,"2021-01-26 00:00:00"
1923,755,"red train",1,"2021-01-26 00:00:00"
1924,755,"orange doll",2,"2021-01-26 00:00:00"
1925,756,"white bicycle",1,"2021-01-16 00:00:00"
1926,756,"black airplane",3,"2021-01-16 00:00:00"
1927,756,"green bicycle",2,"2021-01-16 00:00:00"
1928,757,"orange car",3,"2021-01-25 00:00:00"
1929,757,"yellow car",1,"2021-01-25 00:00:00"
1930,757,"green doll",3,"2021-01-25 00:00:00"
1931,757,"pink rubber ducky",2,"2021-01-25 00:00:00"
1932,758,"green car",2,"2021-01-06 00:00:00"
1933,758,"black train",2,"2021-01-06 00:00:00"
1934,758,"yellow train",3,"2021-01-06 00:00:00"
1935,758,"black teddy bear",2,"2021-01-06 00:00:00"
1936,759,"yellow kite",3,"2021-01-24 00:00:00"
1937,759,"blue doll",-1,"2021-01-24 00:00:00"
1938,759,"green kite",1,"2021-01-24 00:00:00"
1939,760,"pink ball",2,"2021-01-05 00:00:00"
1940,760,"orange bicycle",1,"2021-01-05 00:00:00"
1941,760,"red doll",1,"2021-01-05 00:00:00"
1942,761,"black teddy bear",2,"2021-01-08 00:00:00"
1943,761,"yellow bicycle",1,"2021-01-08 00:00:00"
1944,761,"",3,"2021-01-08 00:00:00"
1945,761,"green kite",3,"2021-01-08 00:00:00"
1946,762,"white train",3,"2021-01-15 00:00:00"
1947,762,"green ball",2,"2021-01-15 00:00:00"
1948,763,"pink kite",2,"2021-01-15 00:00:00"
1949,763,"white ball",1,"2021-01-15 00:00:00"
1950,764,"white airplane",1,"2021-01-30 00:00:00"
1951,764,"yellow bicycle",3,"2021-01-30 00:00:00"
1952,765,"yellow rocking horse",3,"2021-01-16 00:00:00"
1953,766,"yellow airplane",1,"2021-01-05 00:00:00"
1954,766,"blue ball",3,"2021-01-05 00:00:00"
1955,766,"orange car",3,"2021-01-05 00:00:00"
1956,767,"green rocking horse",3,"2021-01-05 00:00:00"
1957,767,"white rocking horse",1,"2021-01-05 00:00:00"
1958,768,"black bicycle",2,"2021-01-26 00:00:00"
1959,769,"pink doll",2,"2021-01-05 00:00:00"
1960,769,"black ball",2,"2021-01-05 00:00:00"
1961,769,"white doll",3,"2021-01-05 00:00:00"
1962,770,"green teddy bear",2,"2021-01-29 00:00:00"
1963,770,"white crayons",1,"2021-01-29 00:00:00"
1964,770,"yellow teddy bear",3,"2021-01-29 00:00:00"
1965,770,"orange teddy bear",3,"2021-01-29 00:00:00"
1966,771,"black doll",2,"2021-01-17 00:00:00"
1967,771,"yellow teddy bear",1,"2021-01-17 00:00:00"
1968,772,"orange rubber ducky",3,"2021-01-11 00:00:00"
1969,772,"green train",2,"2021-01-11 00:00:00"
1970,772,"red rocking horse",1,"2021-01-11 00:00:00"
1971,773,"black teddy bear",2,"2021-01-05 00:00:00"
1972,773,"yellow rubber ducky",1,"2021-01-05 00:00:00"
1973,773,"blue car",3,"2021-01-05 00:00:00"
1974,773,"yellow teddy bear",3,"2021-01-05 00:00:00"
1975,774,"pink crayons",2,"2021-01-31 00:00:00"
1976,774,"pink rubber ducky",1,"2021-01-31 00:00:00"
1977,775,"red kite",3,"2021-01-19 00:00:00"
1978,775,"white ball",1,"2021-01-19 00:00:00"
1979,775,"blue ball",2,"2021-01-19 00:00:00"
1980,775,"orange crayons",2,"2021-01-19 00:00:00"
1981,776,"pink airplane",1,"2021-01-25 00:00:00"
1982,776,"pink rocking horse",1,"2021-01-25 00:00:00"
1983,777,"green teddy bear",1,"2021-01-29 00:00:00"
1984,777,"blue teddy bear",3,"2021-01-29 00:00:00"
1985,777,"orange crayons",1,"2021-01-29 00:00:00"
1986,777,"black doll",1,"2021-01-29 00:00:00"
1987,778,"orange car",3,"2021-01-03 00:00:00"
1988,778,"black bicycle",2,"2021-01-03 00:00:00"
1989,778,"yellow kite",2,"2021-01-03 00:00:00"
1990,779,"pink teddy bear",2,"2021-01-10 00:00:00"
1991,779,"yellow doll",1,"2021-01-10 00:00:00"
1992,779,"yellow teddy bear",1,"2021-01-10 00:00:00"
1993,779,"blue car",3,"2021-01-10 00:00:00"
